breed,body_mass_kg,height_cm,sex,longitude,latitude,igf1_as_genotype,used_for_gwas,chr15_41216098,chr15_41216597,chr15_41217964,chr15_41217985,chr15_41219654,chr15_41221438,chr15_41227725,chr15_41228068,chr15_41229597,chr15_41229800
Affenpinscher,4.5,26.5,F,52.505,13.573,CC,Yes,TT,AA,AA,CC,CC,AA,AA,AA,GG,CC
AfghanHound,24.9,66,M,34.552,69.233,CC,Yes,CC,AA,CC,CC,CC,GG,GG,GG,AA,TT
AfghanHound,24.9,66,M,34.552,69.233,CC,Yes,CC,AA,CC,CC,CC,GG,GG,GG,AA,TT
Airedale Terrier,23.5,58.5,M,53.945,-1.048,CT,Yes,TC,AG,AC,CT,CT,AG,AG,AA,GA,CT
AiredaleTerrier,23.5,58.5,F,53.945,-1.048,TT,Yes,TC,AG,AC,CT,TT,AG,AG,AG,GA,CT
AiredaleTerrier,23.5,58.5,M,53.945,-1.048,CT,Yes,TC,AG,AC,CT,CT,AG,AG,AG,GA,CT
AlapahaBlueBloodBulldog,33,58,F,33.748995,-84.387982,CT,Yes,TC,AG,AC,CT,CT,AG,AG,AG,GA,CT
AlaskanMalamute,36.3,60.9,F,66.323,-154.548,TT,Yes,CC,GG,CC,TT,TT,GG,GG,GG,AA,TT
AlaskanMalamute,36.3,60.9,F,66.323,-154.548,TT,Yes,CC,GG,CC,TT,TT,GG,GG,GG,AA,TT
AlaskanMalamute,36.3,60.9,M,66.323,-154.548,TT,Yes,CC,GG,CC,TT,TT,GG,GG,GG,AA,TT
AmericanEskimoDog,12.1,44.5,M,25.065,67.638,CC,Yes,TT,AA,AA,CC,CC,AA,AA,AA,GG,CC
AmericanEskimoDog,12.1,44.5,F,25.065,67.638,CC,Yes,TT,AA,AA,CC,CC,AA,AA,AA,GG,CC
AmericanEskimoDog,12.1,44.5,F,25.065,67.638,CC,Yes,TT,AA,AA,CC,CC,AA,AG,AG,GA,CT
AmericanEskimoDog,12.1,44.5,M,25.065,67.638,CC,Yes,TT,AA,AA,CC,CC,AA,AG,AG,GA,CT
AmericanStaffordshireTerrier,34,46,M,42.360082,-71.05888,CT,Yes,TC,AG,AC,CT,CT,AG,AG,AG,GA,CT
AmericanStaffordshireTerrier,34,46,M,42.360082,-71.05888,CC,Yes,TT,AA,AA,CC,CC,AA,AA,AA,GG,CC
AmericanStaffordshireTerrier,34,46,F,42.360082,-71.05888,CC,Yes,TT,AA,AA,CC,CC,AA,AA,AA,GG,CC
AmericanStaffordshireTerrier,34,46,F,42.360082,-71.05888,CC,Yes,TT,AA,AA,CC,CC,AA,AA,AA,GG,CC
AmericanWaterSpaniel,15.5,42,M,44.86755,-89.615479,TT,Yes,CC,GG,CC,TT,TT,GG,GG,GG,AA,TT
AmericanWaterSpaniel,15.5,42,M,44.86755,-89.615479,TT,Yes,CC,GG,CC,TT,TT,GG,GG,GG,AA,TT
AmericanWaterSpaniel,15.5,42,F,44.86755,-89.615479,TT,Yes,CC,GG,CC,TT,TT,GG,GG,GG,AA,TT
AustralianCattleDog,15,47,M,-33.867487,151.20699,CT,Yes,TT,AA,AA,CC,CT,AA,AA,AA,GG,CC
AustralianCattleDog,15,47,F,-33.867487,151.20699,CC,Yes,TC,AG,AC,CT,CC,AG,AG,AG,GA,CT
AustralianCattleDog,15,47,F,-33.867487,151.20699,CT,Yes,TC,AG,AC,CT,CT,AG,AG,AG,GA,CT
AustralianCattleDog,15,47,M,-33.867487,151.20699,CC,Yes,TT,AA,AA,CC,CC,AA,AA,AA,GG,CC
AustralianShepherd,20.5,50,F,43.359399,-1.766148,CT,Yes,TC,AG,AC,CT,CT,AG,AG,AG,GA,CT
AustralianShepherd,20.5,50,F,43.359399,-1.766148,CC,Yes,TT,AA,AA,CC,CC,AA,AA,AA,GG,CC
AustralianShepherd,20.5,50,M,43.359399,-1.766148,CC,Yes,TT,AA,AA,CC,CC,AA,AA,AA,GG,CC
AustralianTerrier,6.4,25.5,M,-38.039439,145.17334,CC,Yes,TT,AA,AA,CC,CC,AA,AA,AA,GG,CC
AustralianTerrier,6.4,25.5,M,-38.039439,145.17334,CC,Yes,TT,AA,AA,CC,CC,AA,AA,AA,GG,CC
Basenji,11,42,F,15.443,32.231,CC,Yes,TT,AA,AA,CC,CC,AA,AA,AA,GG,CC
Basenji,11,42,F,15.443,32.231,CC,Yes,TT,AA,AA,CC,CC,AA,AA,AA,GG,CC
Basenji,11,42,M,15.443,32.231,CC,Yes,TT,AA,AA,CC,CC,AA,AA,AA,GG,CC
BassetHound,24.5,NA,F,48.853,2.339,CT,Yes,TC,AG,AA,CT,CT,AG,GG,GG,AA,TT
BassetHound,24.5,NA,M,48.853,2.339,TT,Yes,CC,GG,CC,TT,TT,GG,GG,GG,AA,TT
BassetHound,24.5,NA,F,48.853,2.339,TT,Yes,CC,GG,CC,TT,TT,GG,GG,GG,AA,TT
Beagle,10.2,36.8,M,51.512,-0.119,CC,Yes,TT,AA,AA,CC,CC,AA,GG,GG,AA,TT
Beagle,10.2,36.8,F,51.512,-0.119,CC,Yes,TT,AA,AA,CC,CC,AA,AA,AA,GG,CC
Beagle,10.2,36.8,F,51.512,-0.119,CC,Yes,TT,AA,AA,CC,CC,AA,AA,AA,GG,CC
Beagle,10.2,36.8,M,51.512,-0.119,CC,Yes,TT,AA,AA,CC,CC,AA,AA,AA,GG,CC
BeardedCollie,22.5,53.5,F,55.069,-3.605,TT,Yes,CC,GG,CC,TT,TT,GG,GG,GG,AA,TT
BeardedCollie,22.5,53.5,M,55.069,-3.605,TT,Yes,CC,GG,NA,NA,TT,GG,GG,GG,AA,TT
BeardedCollie,22.5,53.5,M,55.069,-3.605,TT,Yes,CC,GG,CC,TT,TT,GG,GG,GG,AA,TT
BeardedCollie,22.5,53.5,F,55.069,-3.605,TT,Yes,CC,GG,CC,TT,TT,GG,GG,GG,AA,TT
Beauceron,37.5,67.5,F,48.443854,1.489012,TT,Yes,CC,GG,CC,TT,TT,GG,GG,GG,AA,TT
Beauceron,37.5,67.5,F,48.443854,1.489012,TT,Yes,CC,GG,CC,TT,TT,GG,GG,GG,AA,TT
BedlingtonTerrier,8.9,41,M,55.31,-1.909,CC,Yes,TT,AA,AA,CC,CC,AA,AA,AA,GG,CC
BedlingtonTerrier,8.9,41,M,55.31,-1.909,CC,Yes,TT,AA,AA,CC,CC,AA,AA,AA,GG,CC
BelgianMalinois,29.5,61,F,51.026,4.477,TT,Yes,CC,GG,NA,TT,TT,GG,GG,GG,AA,TT
BelgianMalinois,29.5,61,F,51.026,4.477,TT,Yes,CC,GG,NA,TT,TT,GG,GG,GG,AA,TT
BelgianMalinois,29.5,61,M,51.026,4.477,TT,Yes,CC,GG,CC,TT,TT,GG,GG,GG,AA,TT
BelgianSheepdog,30.6,60.9,F,50.847,4.361,TT,Yes,CC,GG,CC,NA,TT,GG,GG,GG,AA,TT
BelgianSheepdog,30.8,60.9,F,50.847,4.361,TT,Yes,CC,GG,CC,TT,TT,GG,GG,GG,AA,TT
BelgianSheepdog,30.11,60.9,M,50.847,4.361,TT,Yes,CC,GG,CC,TT,TT,GG,GG,GG,AA,TT
BelgianSheepdog,30.13,60.9,M,50.847,4.361,TT,Yes,CC,GG,CC,TT,TT,GG,GG,GG,AA,TT
BelgianTervuren,30.15,60.9,F,50.825926,4.507778,TT,Yes,CC,GG,CC,TT,TT,GG,GG,GG,AA,TT
BelgianTervuren,30.20,60.9,M,50.825926,4.507778,TT,Yes,CC,GG,CC,TT,TT,GG,GG,GG,AA,TT
BelgianTervuren,30.25,60.9,F,50.825926,4.507778,TT,Yes,CC,GG,CC,TT,TT,GG,GG,GG,AA,TT
BelgianTervuren,30.26,60.9,M,50.825926,4.507778,TT,Yes,CC,GG,CC,TT,TT,GG,GG,GG,AA,TT
BergerBlancSuisse,32.5,60,M,49.660517,9.42627,TT,Yes,CC,GG,CC,TT,TT,GG,GG,GG,AA,TT
BergerPicard,27.5,60,F,49.666,2.526,TT,Yes,CC,GG,CC,TT,TT,GG,GG,GG,AA,TT
BergerPicard,27.5,60,F,49.666,2.526,TT,Yes,CC,GG,CC,TT,TT,GG,GG,GG,AA,TT
BergerPicard,27.5,60,M,49.666,2.526,TT,Yes,CC,GG,CC,TT,TT,GG,GG,GG,AA,TT
BernAlpineDachsbracke,16.5,37,M,46.947922,7.444608,TT,Yes,CC,GG,CC,TT,TT,GG,GG,GG,AA,TT
BerneseMountainDog,43.1,64.5,F,46.821,8.406,CT,Yes,TC,AG,AC,CT,CT,AG,AG,AG,GA,CT
BerneseMountainDog,43.1,64.5,F,46.821,8.406,TT,Yes,CC,GG,CC,TT,TT,GG,GG,GG,AA,TT
BerneseMountainDog,43.1,64.5,M,46.821,8.406,TT,Yes,CC,GG,CC,NA,TT,GG,GG,GG,AA,TT
BerneseMountainDog,43.1,64.5,M,46.821,8.406,TT,Yes,CC,GG,CC,NA,TT,GG,GG,GG,AA,TT
BichonFrise,4,27.5,F,48.853,2.339,CT,Yes,TC,AG,AC,CT,CT,AG,AG,AG,GA,CT
BichonFrise,4,27.5,F,48.853,2.339,CT,Yes,TC,AG,AC,CT,CT,AG,AG,AG,GA,CT
BiewerTerrier,3,22.9,M,51.165691,10.451526,CC,Yes,TT,AA,AA,CC,CC,AA,AA,AA,GG,CC
BiewerTerrier,3,22.9,F,51.165691,10.451526,CC,Yes,TT,AA,AA,CC,CC,AA,AG,AG,GA,CT
BiewerTerrier,3,22.9,M,51.165691,10.451526,CC,Yes,TT,AA,AA,CC,CC,AA,AG,AG,GA,CT
BiewerTerrier,3,22.9,F,51.165691,10.451526,CC,Yes,TT,AA,AA,CC,CC,AA,AG,AG,GA,CT
BlackRussianTerrier,50.6,71.1,F,55.896491,37.87674,TT,Yes,CC,GG,CC,TT,TT,GG,GG,GG,AA,TT
Bloodhound,38.6,63.5,F,51.512,-0.119,TT,Yes,CC,GG,CC,TT,TT,GG,GG,GG,AA,TT
BorderCollie,16.3,50.8,M,54.879,-2.899,TT,Yes,TT,AA,AA,CC,TT,AA,AA,AA,GG,CC
BorderCollie,16.3,50.8,M,54.879,-2.899,TT,Yes,TT,AA,AA,CC,TT,AA,AA,AA,GG,CC
BorderCollie,16.3,50.8,F,54.879,-2.899,CC,Yes,TC,AG,AC,CT,CC,AG,AG,AG,GA,CT
BorderCollie,16.3,50.8,F,54.879,-2.899,CT,Yes,TT,AA,AA,CC,CT,AA,AA,AA,GG,CC
BorderTerrier,6.1,34,F,55.478,-2.152,CC,Yes,TT,AA,AA,CC,CC,AA,AA,AA,GG,CC
BorderTerrier,6.1,34,F,55.478,-2.152,CC,Yes,TT,AA,AA,CC,CC,AA,AA,AA,GG,CC
BorderTerrier,6.1,34,M,55.478,-2.152,CC,Yes,TT,AA,AA,CC,CC,AA,AA,AA,GG,CC
BorderTerrier,6.1,34,M,55.478,-2.152,CC,Yes,TT,AA,AA,CC,CC,AA,AA,AA,GG,CC
Borzoi,36.9,68.6,F,59.918,30.31,TT,Yes,CC,GG,CC,TT,TT,GG,GG,GG,AA,TT
BostonTerrier,9.1,40.6,F,42.360082,-71.05888,CC,Yes,TT,AA,AA,CC,CC,AA,AA,AA,GG,CC
BouvierDesFlandres,33.5,63.5,F,51.047,3.719,TT,Yes,CC,GG,CC,TT,TT,GG,GG,GG,AA,TT
BouvierDesFlandres,33.5,63.5,M,51.047,3.719,TT,Yes,CC,GG,CC,TT,TT,GG,GG,GG,AA,TT
BouvierDesFlandres,33.5,63.5,F,51.047,3.719,TT,Yes,CC,GG,CC,TT,TT,GG,GG,GG,AA,TT
BouvierdesFlandres,33.5,63.5,M,51.047,3.719,TT,Yes,CC,GG,CC,TT,TT,GG,GG,GG,AA,TT
Boxer,28.1,59.1,F,48.133,11.643,TT,Yes,CC,GG,CC,TT,TT,GG,GG,GG,AA,TT
Boxer,28.1,59.1,F,48.133,11.643,TT,Yes,CC,GG,CC,TT,TT,GG,GG,GG,AA,TT
Boxer,28.1,59.1,M,48.133,11.643,TT,Yes,CC,GG,CC,TT,TT,GG,GG,GG,AA,TT
BoykinSpaniel,14.5,41,M,33.426857,-80.672607,CC,Yes,TT,AA,AA,CC,CC,AA,AA,AA,GG,CC
BoykinSpaniel,14.5,41,M,33.426857,-80.672607,CC,Yes,TT,AA,AA,CC,CC,AA,AA,AA,GG,CC
Briard,31,62.5,F,45.738,0.242,TT,Yes,CC,GG,CC,TT,TT,GG,GG,GG,AA,TT
Briard,31,62.5,F,45.738,0.242,TT,Yes,CC,GG,CC,TT,TT,GG,GG,GG,AA,TT
BrittanySpaniel,16,49.5,M,48.5,-2.831,TT,Yes,TC,AG,NA,TT,TT,GG,AG,AG,GA,TT
BrittanySpaniel,16,49.5,M,48.5,-2.831,CC,Yes,TT,AA,AA,CC,CC,AA,AG,AG,GA,CT
BrusselsGriffon,5,17.8,F,50.85034,4.35171,CC,Yes,TT,AA,AA,CC,CC,AA,AA,AA,GG,CC
BrusselsGriffon,5,17.8,F,50.85034,4.35171,CC,Yes,TT,AA,AA,CC,CC,AA,AA,AA,GG,CC
BrusselsGriffon,5,17.8,M,50.85034,4.35171,CC,Yes,TT,AA,AA,CC,CC,AA,AA,AA,GG,CC
Bullmastiff,52,64.5,M,51.512,-0.119,CT,Yes,CC,GG,CC,TT,CT,GG,GG,GG,AA,TT
BullMastiff,52,64.5,F,51.512,-0.119,TT,Yes,CC,GG,CC,TT,TT,GG,GG,GG,AA,TT
BullMastiff,52,64.5,M,51.512,-0.119,TT,Yes,TT,AA,AA,CC,TT,AA,AA,AA,GG,CC
BullTerrier,30,53.5,F,51.751,-1.25,CC,Yes,TT,AA,AA,CC,CC,AA,AA,AA,GG,CC
BullTerrier,30,53.5,M,51.751,-1.25,CC,Yes,TT,AA,AA,CC,CC,AA,AA,AA,GG,CC
BullTerrier,30,53.5,M,51.751,-1.25,CC,Yes,TT,AA,AA,CC,CC,AA,AA,AA,GG,CC
BullTerrier,30,53.5,F,51.751,-1.25,CC,Yes,TT,AA,AA,CC,CC,AA,AA,AA,GG,CC
CairnTerrier,7,28,M,56.819,-5.105,CC,Yes,TC,AG,AC,CT,CC,AG,AG,AG,GA,CT
CairnTerrier,7,28,F,56.819,-5.105,CC,Yes,TC,AG,AC,CC,CC,AG,AG,AA,GA,CT
CairnTerrier,7,28,M,56.819,-5.105,CT,Yes,TC,AG,AA,CT,CT,AG,AG,AG,GA,CT
CairnTerrier,7,28,F,56.819,-5.105,CT,Yes,TT,AA,AA,CC,CT,AA,AA,AA,GG,CC
CaneCorso,45,64,F,40.641,15.803,TT,Yes,CC,GG,CC,TT,TT,GG,GG,GG,AA,TT
CaneCorso,45,64,F,40.641,15.803,TT,Yes,CC,GG,CC,TT,TT,GG,GG,GG,AA,TT
CaneCorso,45,64,M,40.641,15.803,TT,Yes,CC,GG,CC,TT,TT,GG,GG,GG,AA,TT
CardiganWelshCorgi,14,NA,F,52.288,-3.992,TT,Yes,CC,GG,CC,TT,TT,GG,GG,GG,AA,TT
CardiganWelshCorgi,14,NA,F,52.288,-3.992,TT,Yes,CC,GG,CC,TT,TT,GG,GG,GG,AA,TT
CardiganWelshCorgi,14,NA,M,52.288,-3.992,TT,Yes,CC,GG,CC,TT,TT,GG,GG,GG,AA,TT
CaucasianOvcharka,75,68,F,41.715138,44.827096,TT,Yes,CC,GG,CC,TT,TT,GG,GG,GG,AA,TT
CavalierKingCharlesSpaniel,7,31.7,F,51.751,-1.25,CC,Yes,TT,AA,AA,CC,CC,AA,AA,AA,GG,CC
CavalierKingCharlesSpaniel,7,31.7,F,51.751,-1.25,CC,Yes,TT,AA,AA,CC,CC,AA,AA,AA,GG,CC
CeskyTerrier,8,42,M,50.075538,14.4378,CC,Yes,TT,AA,AA,CC,CC,AA,AA,AA,GG,CC
CeskyTerrier,8,42,F,50.075538,14.4378,CC,Yes,TT,AA,AA,CC,CC,AA,AA,AA,GG,CC
ChesapeakeBayRetriever,31.5,59.5,M,38.672109,-76.526642,CC,Yes,TT,AA,AA,CC,CC,AA,GG,GG,AA,TT
Chihuahua,1.8,19,F,28.591757,-106.122437,CC,Yes,TT,AA,AA,CC,CC,AA,AG,AG,GA,CT
Chihuahua,1.8,19,M,28.591757,-106.122437,CC,Yes,TT,AA,AA,CC,CC,AA,AA,AA,GG,CC
Chihuahua,1.8,19,M,28.591757,-106.122437,CC,Yes,TT,AA,AA,CC,CC,AA,AA,AA,GG,CC
ChineseCrested,3.9,28,M,11.805,106.168,CC,Yes,TT,AA,AA,CC,CC,AA,AA,AA,GG,CC
ChineseCrested,3.9,28,M,11.805,106.168,CC,Yes,TT,AA,AA,CC,CC,AA,AA,AA,GG,CC
ChineseSharpei,22,47,F,23.553917,113.259,TT,Yes,CC,GG,CC,TT,TT,GG,GG,GG,AA,TT
ChineseSharpei,22,47,F,23.553917,113.259,CT,Yes,TC,AG,AC,CT,CT,AG,AG,AG,GG,CC
ChineseSharpei,22,47,M,23.553917,113.259,TT,Yes,CC,GG,CC,TT,TT,GG,GG,GG,GA,CT
Chinook,33,61,F,43.82462,-71.383667,TT,Yes,CC,GG,CC,TT,TT,GG,GG,GG,AA,TT
Chinook,33,61,F,43.82462,-71.383667,TT,Yes,CC,GG,CC,TT,TT,GG,GG,GG,AA,TT
Chinook,33,61,M,43.82462,-71.383667,TT,Yes,CC,GG,CC,TT,TT,GG,GG,GG,AA,TT
ChowChow,26.1,47,F,34.328,108.957,CT,Yes,CC,GG,CC,CT,CT,GG,AG,AG,GA,CT
ChowChow,26.1,47,F,34.328,108.957,CC,Yes,CC,GG,CC,CT,CC,GG,AA,AA,AA,TT
ChowChow,26.1,47,M,34.328,108.957,CT,Yes,TC,AG,AC,CC,CT,AG,AA,AA,GA,CT
ChowChow,26.1,47,M,34.328,108.957,CC,Yes,CC,GG,CC,CT,CC,GG,AG,AG,GA,CT
CirnecodellEtna,10,47,M,37.587,14.155,CT,Yes,TC,AG,AC,CT,CT,AG,AG,AG,GA,CT
CirnecodellEtna,10,47,F,37.587,14.155,CT,Yes,TC,AG,AC,CT,CT,AG,AG,AG,GA,CT
CirnecodellEtna,10,47,F,37.587,14.155,CT,Yes,TC,AG,AC,CT,CT,AG,AG,AG,GA,CT
ClumberSpaniel,32,47,M,53.38,-1.47,CT,Yes,TC,AG,AC,CT,CT,AG,AG,AG,GA,CT
ClumberSpaniel,32,47,F,53.38,-1.47,TT,Yes,CC,GG,CC,TT,TT,GG,GG,GG,AA,TT
ClumberSpaniel,32,47,M,53.38,-1.47,CT,Yes,TC,AG,AC,CT,CT,AG,GG,GG,AA,TT
ClumberSpaniel,32,47,F,53.38,-1.47,CT,Yes,TC,AG,AC,CT,CT,AG,GG,GG,AA,TT
CockerSpanielAmerican,10.5,35,F,50.375456,-4.142657,CC,Yes,TT,AA,AA,CC,CC,AA,AA,AA,GG,CC
CockerSpanielAmerican,10.5,35,M,50.375456,-4.142657,CC,Yes,TT,AA,AA,CC,CC,AA,AA,AA,GG,CC
CockerSpanielAmerican,10.5,35,F,50.375456,-4.142657,CC,Yes,TT,AA,AA,CC,CC,AA,AA,AA,GG,CC
CockerSpanielAmerican,10.5,35,M,50.375456,-4.142657,CC,Yes,TT,AA,AA,CC,CC,AA,AA,AA,GG,CC
CockerSpanielEnglish,13.6,40.6,M,51.747439,-0.593262,CC,Yes,TT,AA,AA,CC,CC,AA,AA,AA,GG,CC
CockerSpanielEnglish,13.6,40.6,F,51.747439,-0.593262,CC,Yes,TT,AA,AA,CC,CC,AA,AA,AA,GG,CC
CockerSpanielEnglish,13.6,40.6,F,51.747439,-0.593262,CC,Yes,TT,AA,AA,CC,CC,AA,AA,AA,GG,CC
CockerSpanielEnglish,13.6,40.6,M,51.747439,-0.593262,CT,Yes,TT,AA,AA,CC,CT,AA,AA,AA,GG,CC
Collie,23.5,56,M,51.512,-0.119,TT,Yes,CC,GG,CC,TT,TT,GG,GG,GG,AA,TT
Collie,23.5,56,F,51.512,-0.119,TT,Yes,CC,GG,CC,TT,TT,GG,GG,GG,AA,TT
Collie,23.5,56,M,51.512,-0.119,TT,Yes,CC,GG,CC,TT,TT,GG,GG,GG,AA,TT
CotonDeTulear,4.8,26,F,-23.354,43.669,CC,Yes,TT,AA,AA,CC,CC,AA,AA,AA,GG,CC
CotonDeTulear,4.8,26,M,-23.354,43.669,CC,Yes,TT,AA,AC,CC,CC,AA,AA,AA,GG,CC
CurlyCoatedRetriever,32,63.5,F,50.82253,-0.137163,TT,Yes,CC,GG,CC,TT,TT,GG,GG,GG,AA,TT
Dalmatian,29,58,M,42.738944,17.731934,CT,Yes,TT,AA,AA,CC,CT,AA,AG,AG,GA,CT
Dalmatian,29,58,F,42.738944,17.731934,CC,Yes,TC,AG,AC,CT,CC,AG,GG,GG,AA,TT
Dalmatian,29,58,M,42.738944,17.731934,CC,Yes,TT,AA,AA,CC,CC,AA,GG,GG,AA,TT
Dalmatian,29,58,F,42.738944,17.731934,CC,Yes,TT,AA,AA,CC,CC,AA,GG,GG,AA,TT
DandieDinmontTerrier,9.6,NA,M,55.87454,-3.106384,CC,Yes,TC,AA,AA,CC,CC,AA,AA,AA,GG,CC
DandieDinmontTerrier,9.6,NA,F,55.87454,-3.106384,CC,Yes,TT,AA,AA,CC,CC,AA,AA,AA,GG,CC
DandieDinmontTerrier,9.6,NA,F,55.87454,-3.106384,CC,Yes,TT,AA,AA,CC,CC,AA,AA,AA,GG,CC
Doberman,34.9,66,F,#N/A,#N/A,TT,Yes,CC,GG,CC,TT,TT,GG,GG,GG,AA,TT
Doberman,34.9,66,M,#N/A,#N/A,TT,Yes,TC,AG,AC,CT,TT,GG,GG,GG,AA,TT
Doberman,34.9,66,F,#N/A,#N/A,TT,Yes,CC,GG,CC,TT,TT,GG,GG,GG,AA,TT
EastSiberianLaika,20.5,58.5,F,52.609719,106.45752,TT,Yes,CC,GG,NA,TT,TT,GG,GG,GG,AA,TT
EnglishFoxhound,29.5,58,M,51.827291,-1.192017,TT,Yes,CC,GG,CC,TT,TT,GG,GG,GG,AA,TT
EnglishFoxhound,29.5,58,M,51.827291,-1.192017,TT,Yes,CC,GG,CC,TT,TT,GG,GG,GG,AA,TT
EnglishMastiff,70.3,73,F,NA,NA,TT,Yes,CC,GG,CC,TT,TT,GG,GG,GG,AA,TT
EnglishMastiff,70.3,73,M,NA,NA,TT,Yes,CC,GG,CC,TT,TT,GG,GG,GG,AA,TT
EnglishMastiff,70.3,73,M,NA,NA,TT,Yes,CC,GG,CC,TT,TT,GG,GG,GG,AA,TT
EnglishPointer,25,61.5,M,51.459997,-0.815735,TT,Yes,CC,GG,CC,TT,TT,GG,GG,GG,AA,TT
EnglishPointer,25,61.5,F,51.459997,-0.815735,TT,Yes,CC,GG,CC,TT,TT,GG,GG,GG,AA,TT
EnglishPointer,25,61.5,F,51.459997,-0.815735,TT,Yes,CC,GG,CC,TT,TT,GG,GG,GG,AA,TT
EnglishPointer,25,61.5,M,51.459997,-0.815735,TT,Yes,CC,GG,CC,TT,TT,GG,GG,GG,AA,TT
EnglishSetter,28.1,63.5,F,51.512,-0.119,CC,Yes,TT,AA,AA,CC,CC,AA,AA,AA,GG,CC
EnglishSetter,28.1,63.5,M,51.512,-0.119,CT,Yes,TC,AG,AC,CT,CT,AG,AG,AG,GA,CT
EnglishSetter,28.1,63.5,M,51.512,-0.119,TT,Yes,TT,AA,AA,CC,TT,AA,AA,AA,GG,CC
EnglishSetter,28.1,63.5,F,51.512,-0.119,TT,Yes,TC,AG,AC,CT,TT,AG,GG,GG,AA,TT
EntlebucherSennenhund,25,47,M,46.991741,8.064749,CC,Yes,TT,AA,AA,CC,CC,AA,AA,AA,GG,CC
EntlebucherSennenhund,25,47,F,46.991741,8.064749,CC,Yes,TT,AA,AA,CC,CC,AA,AA,AA,GG,CC
EntlebucherSennenhund,25,47,M,46.991741,8.064749,CC,Yes,TT,AA,AA,CC,CC,AA,AA,AA,GG,CC
Eurasier,25,54,F,NA,NA,TT,Yes,CC,GG,CC,TT,TT,GG,GG,GG,GG,CC
Eurasier,25,54,M,NA,NA,TT,Yes,CC,GG,CC,TT,TT,GG,GG,GG,GG,CC
FieldSpaniel,18,44.5,M,51.751,-1.25,CT,Yes,TC,AG,AC,CT,CT,AG,AG,AG,GA,CT
FieldSpaniel,18,44.5,M,51.751,-1.25,CC,Yes,TT,AA,AA,CC,CC,AA,AA,AA,GG,CC
FieldSpaniel,18,44.5,F,51.751,-1.25,CC,Yes,TT,AA,AA,CC,CC,AA,AA,AA,GG,CC
FieldSpaniel,18,44.5,M,51.751,-1.25,CC,Yes,TT,AA,AA,CC,CC,AA,AA,AA,GG,CC
FinnishLapphund,19.5,56.5,M,60.532968,25.3125,TT,Yes,TC,AG,AC,CT,TT,AG,AG,AG,GA,CT
FinnishSpitz,10,54.5,F,62.17576,23.818359,CC,Yes,TT,AA,AA,CC,CC,AA,AA,AA,GG,CC
FlatCoatedRetriever,29,57,F,51.512,-0.119,TT,Yes,CC,GG,CC,TT,TT,GG,GG,GG,AA,TT
FlatCoatedRetriever,29,57,F,51.512,-0.119,TT,Yes,CC,GG,CC,TT,TT,GG,GG,GG,AA,TT
FonniDog,32.5,58,F,#N/A,#N/A,TT,Yes,TC,AG,AC,CT,TT,AG,GG,GG,AA,TT
FrenchBulldog,10.6,30.5,M,51.751,-1.25,CC,Yes,TT,AA,AA,CC,CC,AA,AA,AA,GG,CC
FrenchBulldog,10.6,30.5,F,51.751,-1.25,CC,Yes,TT,AA,AA,CC,CC,AA,AA,AA,GG,CC
FrenchBulldog,10.6,30.5,M,51.751,-1.25,CC,Yes,TT,AA,AA,CC,CC,AA,AA,AA,GG,CC
GermanHuntingTerrier,8.7,36.5,M,52.520007,13.404954,CC,Yes,TT,AA,AA,CC,CC,AA,AA,AA,GG,CC
GermanShepherdDog,36.7,61,F,52.505,13.573,TT,Yes,TT,AA,AA,CC,TT,AA,AA,AA,GG,CC
GermanShepherdDog,36.7,61,F,52.505,13.573,TT,Yes,CC,GG,NA,TT,TT,GG,GG,GG,AA,TT
GermanShepherdDog,36.7,61,M,52.505,13.573,TT,Yes,CC,GG,CC,TT,TT,GG,GG,GG,AA,TT
GermanShepherdDog,36.7,61,M,52.505,13.573,TT,Yes,CC,GG,CC,TT,TT,GG,GG,GG,AA,TT
GermanShorthairedPointer,26,58.5,F,50.5167,8.41,TT,Yes,CC,GG,CC,TT,TT,GG,GG,GG,AA,TT
GermanShorthairedPointer,26,58.5,F,50.5167,8.41,CT,Yes,CC,GG,CC,TT,CT,GG,GG,GG,AA,TT
GermanWirehairedPointer,29.5,62.5,F,50.5167,8.41,TT,Yes,TC,AG,AC,CT,TT,AG,AG,AG,GA,CT
GermanWirehairedPointer,29.5,62.5,F,50.5167,8.41,TT,Yes,CC,GG,CC,TT,TT,GG,GG,GG,AA,TT
GermanWirehairedPointer,29.5,62.5,M,50.5167,8.41,TT,Yes,CC,GG,CC,TT,TT,GG,GG,GG,AA,TT
GiantSchnauzer,36.5,65,M,48.483846,8.942871,TT,Yes,CC,GG,CC,TT,TT,GG,GG,GG,AA,TT
GiantSchnauzer,36.5,65,M,48.483846,8.942871,CT,Yes,CC,GG,CC,TT,CT,GG,GG,GG,AA,TT
GiantSchnauzer,36.5,65,F,48.483846,8.942871,TT,Yes,TC,AG,AC,CT,TT,AG,AG,AG,GA,CT
GlenofImaalTerrier,16,NA,F,52.98,-6.045,CC,Yes,CC,GG,CC,TT,CC,GG,GG,GG,AA,TT
GlenofImaalTerrier,16,NA,M,52.98,-6.045,CC,Yes,TT,AA,AA,CC,CC,AA,AA,AA,GG,CC
GlenofImaalTerrier,16,NA,M,52.98,-6.045,CC,Yes,CC,GG,CC,TT,CC,GG,GG,GG,AA,TT
GoldenRetriever,29.5,57.8,M,55.951,-3.186,CC,Yes,CC,GG,CC,TT,CC,GG,GG,GG,AA,TT
GoldenRetriever,29.5,57.8,M,55.951,-3.186,CC,Yes,CC,GG,CC,TT,CC,GG,GG,GG,AA,TT
GoldenRetriever,29.5,57.8,F,55.951,-3.186,TT,Yes,CC,GG,CC,TT,TT,GG,GG,GG,AA,TT
GoldenRetriever,29.5,57.8,F,55.951,-3.186,TT,Yes,TT,AA,AA,CC,TT,AA,AG,AG,GA,CT
GordonSetter,28,63.5,F,57.649454,-3.318485,TT,Yes,CC,GG,CC,TT,TT,GG,GG,GG,AA,TT
GordonSetter,28,63.5,F,57.649454,-3.318485,CT,Yes,TC,AG,AC,CT,CT,AG,GG,GG,AA,TT
GreatDane,62.4,78.7,M,52.505,13.573,TT,Yes,CC,GG,CC,TT,TT,GG,GG,GG,AA,TT
GreatDane,62.4,78.7,F,52.505,13.573,TT,Yes,CC,GG,CC,TT,TT,GG,GG,GG,AA,TT
GreatDane,62.4,78.7,M,52.505,13.573,TT,Yes,CC,GG,CC,TT,TT,GG,GG,GG,AA,TT
GreatDane,62.4,78.7,F,52.505,13.573,TT,Yes,CC,GG,CC,TT,TT,GG,GG,GG,AA,TT
GreaterSwissMountainDog,60,66,M,46.927,7.443,TT,Yes,CC,GG,CC,TT,TT,GG,GG,GG,AA,TT
GreaterSwissMountainDog,60,66,M,46.927,7.443,TT,Yes,CC,GG,CC,TT,TT,GG,GG,GG,AA,TT
GreatPyrenees,42,71.8,M,42.822,0.633,TT,Yes,CC,GG,CC,TT,TT,GG,GG,GG,AA,TT
GreenlandDog,31,59.5,F,61.166,-45.225,TT,Yes,CC,GG,CC,TT,TT,GG,GG,GG,AA,TT
Greyhound,29.5,71.8,M,51.512,-0.119,TT,Yes,CC,GG,CC,TT,TT,GG,GG,GG,AA,TT
Greyhound,29.5,71.8,M,51.512,-0.119,TT,Yes,CC,GG,CC,TT,TT,GG,GG,GG,AA,TT
Greyhound,29.5,71.8,F,51.512,-0.119,TT,Yes,CC,GG,CC,TT,TT,GG,GG,GG,AA,TT
Greyhound,29.5,71.8,F,51.512,-0.119,TT,Yes,CC,GG,CC,TT,TT,GG,GG,GG,AA,TT
Havanese,5.9,25,M,22.411029,-82.089844,CC,Yes,TT,AA,AA,CC,CC,AA,AA,AA,GG,CC
Havanese,5.9,25,F,22.411029,-82.089844,CC,Yes,TT,AA,AA,CC,CC,AA,AA,AA,GG,CC
Hovawart,32.5,64,F,50.555325,9.667969,TT,Yes,TC,AG,AC,CT,TT,AG,GG,GG,AA,TT
IbizanHound,25,66,F,38.912,1.431,CT,Yes,CC,GG,CC,TT,CT,GG,GG,GG,AA,TT
IbizanHound,25,66,M,38.912,1.431,TT,Yes,CC,GG,CC,TT,TT,GG,GG,GG,AA,TT
IbizanHound,25,66,F,38.912,1.431,TT,Yes,CC,GG,CC,TT,TT,GG,GG,GG,AA,TT
IcelandicSheepdog,11.5,44,F,64.111,-21.728,CT,Yes,CC,GG,CC,TT,CT,GG,GG,GG,AA,TT
IcelandicSheepdog,11.5,44,F,64.111,-21.728,CC,Yes,TC,AG,AC,NA,CC,AG,GG,GG,AA,TT
IrishRedandWhiteSetter,29.5,61,M,53.146,-6.345,CT,Yes,TC,AG,AC,CT,CT,AG,AG,AG,GA,CT
IrishSetter,28,61,F,53.246,-6.345,TT,Yes,TC,AG,AC,CT,TT,AG,GG,GG,AA,TT
IrishTerrier,11.5,45,M,53.346,-6.145,CC,Yes,CC,GG,CC,TT,CC,GG,GG,GG,AA,TT
IrishTerrier,11.5,45,F,53.346,-6.145,CC,Yes,TT,AA,AA,CC,CC,AA,AA,AA,GG,CC
IrishTerrier,11.5,45,M,53.346,-6.145,CC,Yes,TT,AA,AA,CC,CC,AA,AA,AA,GG,CC
IrishWaterSpaniel,25.3,57.1,F,53.346,-6.245,TT,Yes,TT,AA,AA,CC,TT,AA,AA,AA,GG,CC
IrishWaterSpaniel,25.3,57.1,M,53.346,-6.245,TT,Yes,CC,GG,CC,TT,TT,GG,GG,GG,AA,TT
IrishWaterSpaniel,25.3,57.1,F,53.346,-6.245,TT,Yes,CC,GG,CC,NA,TT,GG,GG,GG,AA,TT
IrishWaterSpaniel,25.3,57.1,M,53.346,-6.245,TT,Yes,CC,GG,CC,TT,TT,GG,GG,GG,AA,TT
IrishWolfhound,51,78.7,F,53.346,-6.345,TT,Yes,CC,GG,CC,TT,TT,GG,GG,GG,AA,TT
ItalianGreyhound,3.6,35.6,M,41.896,12.498,CC,Yes,TC,AG,AC,CT,CC,AG,AG,GG,NA,CT
ItalianGreyhound,3.6,35.6,F,41.896,12.498,CC,Yes,TT,AA,AA,CC,CC,AA,AG,AG,GA,CT
JackRussellTerrier,7.3,31.5,M,51.751,-1.25,CC,Yes,TT,AA,AA,CC,CC,AA,AG,AG,GA,CT
JackRussellTerrier,7.3,31.5,M,51.751,-1.25,CC,Yes,TT,AA,AA,CC,CC,AA,AA,AA,GG,CC
JackRussellTerrier,7.3,31.5,F,51.751,-1.25,CC,Yes,TT,AA,AA,CC,CC,AA,AA,AA,GG,CC
JackRussellTerrier,7.3,31.5,F,51.751,-1.25,CC,Yes,TT,AA,AA,CC,CC,AA,AA,AA,GG,CC
Jamthund,27.5,58.5,M,59.299552,17.050781,CT,Yes,TT,AA,AA,CC,CT,AA,AA,AA,GG,CC
JapaneseChin,4.1,23.5,M,35.888,139.487,CT,Yes,TC,AG,AC,CT,CT,AG,AG,AG,GA,CT
JapaneseChin,4.1,23.5,F,35.888,139.487,CC,Yes,TC,AG,AC,CT,CC,AG,AG,AG,GA,CT
Jindo,19,50,M,34.457597,126.26,TT,Yes,TT,AA,AA,CC,TT,AA,AA,AA,GG,CC
Keeshond,20,44,F,52.067,4.304,CT,Yes,CC,GG,CC,TT,CT,GG,GG,GG,GA,CT
KerryBlueTerrier,16.5,47.5,F,52.255,-9.696,CT,Yes,TT,AA,AA,CC,CT,AA,AA,AA,GG,CC
Kromfohrlander,12.5,42,M,50.883849,8.020959,CC,Yes,CC,GG,CC,TT,CC,GG,GG,GG,AA,TT
LabradorRetriever,30.6,58.4,M,50.816348,-2.15332,TT,Yes,TC,AG,AC,CT,TT,AG,AG,AG,GA,CT
LabradorRetriever,30.6,58.4,F,50.816348,-2.15332,CT,Yes,TC,AG,AC,CT,CT,AG,GG,GG,AA,TT
LabradorRetriever,30.6,58.4,M,50.816348,-2.15332,CT,Yes,CC,GG,CC,TT,CT,GG,GG,GG,AA,TT
LabradorRetriever,30.6,58.4,F,50.816348,-2.15332,CT,Yes,TC,AG,AC,CT,CT,AG,AG,AG,GA,CT
LagottoRomagnolo,13.5,44.5,M,44.419,12.198,CC,Yes,TC,GG,NA,TT,CC,AG,AG,AG,GA,CT
LagottoRomagnolo,13.5,44.5,F,44.419,12.198,CC,Yes,TT,AA,AA,CC,CC,AA,AA,AA,GG,CC
LagottoRomagnolo,13.5,44.5,F,44.419,12.198,TT,Yes,TC,AG,AC,CT,TT,AG,AG,AG,GA,CT
LagottoRomagnolo,13.5,44.5,M,44.419,12.198,CT,Yes,TT,AA,AA,CC,CT,AA,AG,AA,GA,CT
Landseer,56.5,73.5,M,NA,NA,TT,Yes,TC,AG,AC,CT,TT,AG,AA,AG,GA,CT
LapponianHerder,7.1,28,M,68.122482,29.003906,CC,Yes,CC,GG,NA,NA,CC,GG,GG,GG,AA,TT
Leonberger,59,72.5,F,48.796045,9.009571,TT,Yes,CC,GG,CC,TT,TT,GG,GG,GG,AA,TT
Leonberger,59,72.5,F,48.796045,9.009571,TT,Yes,CC,GG,CC,TT,TT,GG,GG,GG,AA,TT
LhassaApso,6,26.5,M,29.662,91.297,CC,Yes,CC,GG,CC,TT,CC,GG,GG,GG,AA,TT
LhassaApso,6,26.5,M,29.662,91.297,CT,Yes,TT,AA,AA,CC,CT,AA,AA,AA,GG,CC
LhassaApso,6,26.5,F,29.662,91.297,CT,Yes,TC,AG,AC,CT,CT,AG,AG,AG,GA,CT
Lowchen,6,33,M,48.856614,2.452222,CC,Yes,TC,AG,AC,CT,CC,AG,AG,AG,GA,CT
Maltese,3.5,22.5,F,35.91,14.427,CC,Yes,TT,AA,AA,CC,CC,AA,AA,AA,GG,CC
Maltese,3.5,22.5,F,35.91,14.427,CC,Yes,TT,AA,AA,CC,CC,AA,AA,AA,GG,CC
Maltese,3.5,22.5,M,35.91,14.427,CC,Yes,TT,AA,AA,CC,CC,AA,AA,AA,GG,CC
Maltese,3.5,22.5,M,35.91,14.427,CC,Yes,TT,AA,AA,CC,CC,AA,AA,AA,GG,CC
MastinoAbruzzese,37.5,67,F,42.256984,14.172363,TT,Yes,TT,AA,AA,CC,TT,AA,AA,AA,GG,CC
MiniaturePoodle,6.5,30.5,M,NA,NA,CC,Yes,CC,GG,CC,TT,CC,GG,GG,GG,AA,TT
MiniaturePoodle,6.5,30.5,F,NA,NA,CC,Yes,CC,GG,CC,TT,CC,GG,GG,GG,AA,TT
MiniaturePoodle,6.5,30.5,M,NA,NA,CC,Yes,TT,AA,AA,CC,CC,AA,AA,AA,GG,CC
MiniatureSchnauzer,7.5,33,M,48.133,11.643,CC,Yes,TT,AA,AA,CC,CC,AA,AA,AA,GG,CC
MiniatureSchnauzer,7.5,33,F,48.133,11.643,CC,Yes,TT,AA,AA,CC,CC,AA,AA,AA,GG,CC
Newfoundland,57.5,68.5,M,48.716337,-56.184082,TT,Yes,CC,GG,CC,TT,TT,GG,GG,GG,AA,TT
Newfoundland,57.5,68.5,F,48.716337,-56.184082,TT,Yes,CC,GG,NA,TT,TT,GG,GG,GG,AA,TT
NorfolkTerrier,5.2,24,F,52.467,-1.917,TT,Yes,CC,GG,CC,TT,TT,GG,GG,GG,AA,TT
NorfolkTerrier,5.2,24,M,52.467,-1.917,TT,Yes,CC,GG,CC,TT,TT,GG,GG,GG,AA,TT
NorwegianBuhund,15,44,M,61.951,11.096,CT,Yes,CC,GG,CC,TT,CT,GG,GG,GG,AA,TT
NorwegianElkhound,23.5,50.5,F,59.951,11.096,CT,Yes,TC,AG,AC,CT,CT,AG,AG,AG,GA,CT
NorwegianElkhound,23.5,50.5,F,59.951,11.096,TT,Yes,CC,GG,CC,TT,TT,GG,GG,GG,AA,TT
NorwegianElkhound,23.5,50.5,M,59.951,11.096,TT,Yes,CC,GG,CC,TT,TT,GG,GG,GG,AA,TT
NorwegianElkhound,23.5,50.5,M,59.951,11.096,CT,Yes,CC,GG,CC,TT,CT,GG,GG,GG,AA,TT
NorwegianLundehund,7.5,34,M,60.951,11.096,CC,Yes,TC,AG,AC,CT,CC,AG,AG,AG,GA,CT
NorwegianLundehund,7.5,34,F,60.951,11.096,CC,Yes,TT,AA,AA,CC,CC,AA,AA,AA,GG,CC
NorwegianLundehund,7.5,34,M,60.951,11.096,CC,Yes,TT,AA,AA,CC,CC,AA,AA,AA,GG,CC
NorwegianLundehund,7.5,34,F,60.951,11.096,CC,Yes,TT,AA,AA,CC,CC,AA,AA,AA,GG,CC
NorwichTerrier,5.2,25,F,52.467,-1.917,TT,Yes,TC,AG,AC,CT,TT,AG,AG,AG,GA,CT
NorwichTerrier,5.2,25,F,52.467,-1.917,CT,Yes,CC,GG,CC,TT,CT,GG,GG,GG,AA,TT
NorwichTerrier,5.2,25,M,52.467,-1.917,CT,Yes,TT,AA,AA,CC,CT,AA,AA,AA,GG,CC
NovaScotiaDuckTollingRetriever,20,48,M,44.88312,-63.69873,CC,Yes,TT,AA,AA,CC,CC,AA,AA,AA,GG,CC
NovaScotiaDuckTollingRetriever,20,48,F,44.88312,-63.69873,CC,Yes,TT,AA,AA,CC,CC,AA,AA,AA,GG,CC
OldEnglishSheepdog,36,56,F,51.751,-1.25,TT,Yes,TT,AA,AA,CC,TT,AA,AA,AA,GG,CC
OldEnglishSheepdog,36,56,M,51.751,-1.25,TT,Yes,CC,GG,CC,TT,TT,GG,GG,GG,AA,TT
OldEnglishSheepdog,36,56,F,51.751,-1.25,TT,Yes,CC,GG,CC,TT,TT,GG,GG,GG,AA,TT
Otterhound,41,63.5,F,51.751,-1.25,TT,Yes,CC,GG,CC,TT,TT,GG,GG,GG,AA,TT
Otterhound,41,63.5,M,51.751,-1.25,CC,Yes,CC,GG,CC,TT,CC,GG,GG,GG,AA,TT
Otterhound,41,63.5,F,51.751,-1.25,CT,Yes,TT,AA,AA,CC,CT,AA,AA,AA,GG,CC
Papillon,3.9,24,M,44.497,11.344,CC,Yes,TC,AG,AC,CT,CC,AG,AG,AG,GA,CT
Papillon,3.9,24,M,44.497,11.344,CC,Yes,TT,AA,AA,CC,CC,AA,AA,AA,GG,CC
Pekingese,4.1,19,F,39.916,116.398,CC,Yes,TT,AA,AA,CC,CC,AA,AA,AA,GG,CC
PembrokeWelshCorgi,12.5,NA,F,51.794,-4.962,CT,Yes,TC,AG,AC,CT,CT,AG,AG,AG,GA,CT
PembrokeWelshCorgi,12.5,NA,F,51.794,-4.962,CT,Yes,TC,AG,AA,CC,CT,AG,AG,AG,GA,CT
PembrokeWelshCorgi,12.5,NA,M,51.794,-4.962,TT,Yes,TC,AG,AC,CT,TT,AG,AG,AG,GA,CT
PembrokeWelshCorgi,12.5,NA,M,51.794,-4.962,TT,Yes,CC,GG,CC,TT,TT,GG,GG,GG,AA,TT
PeruvianHairless,10,45,M,-9.730714,-75.585938,CT,Yes,CC,GG,CC,TT,CT,GG,GG,GG,AA,TT
PetitBassetGriffonVendeen,14.5,35.6,M,46.648,-1.36,CT,Yes,TC,AG,AC,CT,CT,AG,AG,AG,GA,CT
PetitBassetGriffonVendeen,14.5,35.6,F,46.648,-1.36,CT,Yes,TC,AG,AC,CT,CT,AG,AG,AG,GA,CT
PetitBassetGriffonVendeen,14.5,35.6,M,46.648,-1.36,TT,Yes,TC,AG,AC,CT,TT,AG,AG,AG,GA,CT
PharaohHound,22.5,58,F,35.91,14.427,TT,Yes,TT,AA,AA,CC,TT,AA,AA,AA,GG,CC
PharaohHound,22.5,58,F,35.91,14.427,TT,Yes,CC,GG,CC,TT,TT,GG,GG,GG,AA,TT
PhuquocRidgeback,21.5,56.5,F,10.237897,104.007568,CT,Yes,CC,GG,CC,TT,CT,GG,GG,GG,AA,TT
PhuquocRidgeback,21.5,56.5,F,10.237897,104.007568,CT,Yes,TC,AG,AC,CC,CT,AG,AG,AG,GA,CT
PhuquocRidgeback,21.5,56.5,M,10.237897,104.007568,TT,Yes,TC,AG,AC,CT,TT,AG,AG,AG,GG,CC
Pomeranian,2.7,20,M,53.415,14.57,CC,Yes,CC,GG,CC,TT,CC,GG,GG,GG,AA,TT
Pomeranian,2.7,20,M,53.415,14.57,CC,Yes,TT,AA,AA,CC,CC,AA,AA,AA,GG,CC
PortugueseWaterDog,32.8,52.1,F,38.72,-9.149,CT,Yes,TT,AA,AA,CC,CT,AA,AA,AA,GG,CC
PortugueseWaterDog,32.8,52.1,F,38.72,-9.149,TT,Yes,TC,AG,AC,CT,TT,AG,AG,AG,GA,CT
PortugueseWaterDog,32.8,52.1,M,38.72,-9.149,CT,Yes,CC,GG,CC,TT,CT,GG,GG,GG,AA,TT
PortugueseWaterDog,32.8,52.1,M,38.72,-9.149,CT,Yes,TT,AA,AA,CC,CT,AA,AA,AA,GG,CC
Pug,10,26.7,M,35.995785,108.808594,CC,Yes,TT,AA,AA,CC,CC,AA,AA,AA,GG,CC
Pug,10,26.7,F,35.995785,108.808594,CC,Yes,TT,AA,AA,CC,CC,AA,AA,AA,GG,CC
Puli,13,40.5,M,47.368594,64.6875,CC,Yes,TT,AA,AA,CC,CC,AA,AA,AA,GG,CC
RhodesianRidgeback,35,65,F,-18.989415,29.970703,TT,Yes,CC,GG,CC,TT,TT,GG,GG,GG,AA,TT
RhodesianRidgeback,35,65,M,-18.989415,29.970703,TT,Yes,CC,GG,CC,TT,TT,GG,GG,GG,AA,TT
RhodesianRidgeback,35,65,M,-18.989415,29.970703,TT,Yes,CC,GG,CC,TT,TT,GG,GG,GG,AA,TT
RhodesianRidgeback,35,65,F,-18.989415,29.970703,TT,Yes,CC,GG,CC,TT,TT,GG,GG,GG,AA,TT
Rottweiler,48.2,62.2,M,48.1697,8.6422,CC,Yes,TT,AA,AA,CC,CC,AA,AA,AA,GG,CC
Rottweiler,48.2,62.2,F,48.1697,8.6422,CC,Yes,TC,AG,AA,CC,CC,AG,AG,AG,GA,CT
Rottweiler,48.2,62.2,F,48.1697,8.6422,CC,Yes,TT,AA,AA,CC,CC,AA,AA,AA,GG,CC
Rottweiler,48.2,62.2,M,48.1697,8.6422,CC,Yes,TT,AA,AA,CC,CC,AA,AA,AA,GG,CC
SaintBernard,70.3,67.3,F,46.015,7.755,TT,Yes,TT,AA,AA,CC,TT,AA,AA,AA,GG,CC
SaintBernard,70.3,67.3,M,46.015,7.755,TT,Yes,CC,GG,CC,TT,TT,GG,GG,GG,AA,TT
Saluki,21.5,64.8,F,31.748,38.894,TT,Yes,CC,GG,CC,TT,TT,GG,GG,GG,AA,TT
Saluki,21.5,64.8,M,31.748,38.894,TT,Yes,CC,GG,CC,TT,TT,GG,GG,GG,AA,TT
Saluki,21.5,64.8,M,31.748,38.894,TT,Yes,CC,GG,CC,TT,TT,GG,GG,GG,AA,TT
Schipperke,6,29,F,51.047,3.719,CC,Yes,CC,GG,CC,TT,CC,GG,GG,GG,AA,TT
Schipperke,6,29,F,51.047,3.719,CC,Yes,TT,AA,AA,CC,CC,AA,AA,AA,GG,CC
ScottishDeerhound,41.4,74.9,M,55.951,-3.186,TT,Yes,TT,AA,AA,CC,TT,AA,AA,AA,GG,CC
ScottishDeerhound,41.4,74.9,F,55.951,-3.186,TT,Yes,CC,GG,CC,TT,TT,GG,GG,GG,AA,TT
ScottishDeerhound,41.4,74.9,F,55.951,-3.186,TT,Yes,CC,GG,CC,TT,TT,GG,GG,GG,AA,TT
ScottishTerrier,9.1,NA,F,56.819,-5.105,CC,Yes,CC,GG,CC,TT,CC,GG,GG,GG,AA,TT
ScottishTerrier,9.1,NA,M,56.819,-5.105,CT,Yes,TT,AA,AA,CC,CT,AA,AA,AA,GG,CC
ScottishTerrier,9.1,NA,M,56.819,-5.105,CC,Yes,TT,AA,AA,CC,CC,AA,AA,AA,GG,CC
ScottishTerrier,9.1,NA,F,56.819,-5.105,CC,Yes,TT,AA,AA,CC,CC,AA,AA,AA,GG,CC
SealyhamTerrier,12,NA,F,52.018698,-3.691406,CC,Yes,TT,AA,AA,CC,CC,AA,AA,AA,GG,CC
SealyhamTerrier,12,NA,M,52.018698,-3.691406,CC,Yes,TT,AA,AA,CC,CC,AA,AA,AA,GG,CC
SealyhamTerrier,12,NA,F,52.018698,-3.691406,CC,Yes,TT,AA,AA,CC,CC,AA,AA,AA,GG,CC
SealyhamTerrier,12,NA,M,52.018698,-3.691406,CC,Yes,TT,AA,AA,CC,CC,AA,AA,AA,GG,CC
ShetlandSheepdog,9.3,36.8,F,60.139,-1.193,CT,Yes,TT,AA,AA,CC,CT,AA,AA,AA,GG,CC
ShetlandSheepdog,9.3,36.8,M,60.139,-1.193,CT,Yes,TC,AG,AC,CT,CT,AG,AG,AG,GA,CT
ShetlandSheepdog,9.3,36.8,M,60.139,-1.193,TT,Yes,CC,GG,CC,TT,TT,GG,GG,GG,AA,TT
ShetlandSheepdog,9.3,36.8,F,60.139,-1.193,CC,Yes,TC,AG,AC,CT,CC,AG,AG,AG,GA,CT
ShibaInu,8.9,38,F,35.888,139.487,CT,Yes,CC,GG,CC,TT,CT,GG,GG,GG,AA,TT
ShibaInu,8.9,38,M,35.888,139.487,CC,Yes,TT,AA,AA,CC,CC,AA,AA,AA,GG,CC
ShibaInu,8.9,38,F,35.888,139.487,CT,Yes,TC,AG,AC,CT,CT,AG,AG,AG,GG,CC
ShihTzu,5.6,24,F,39.875,116.407,CC,Yes,TT,AA,AA,CC,CC,AA,AA,AA,GG,CC
Shikoku,21.5,49,M,33.568861,133.637695,TT,Yes,TT,AA,AA,CC,TT,AA,AA,AA,GG,CC
SiberianHusky,21.5,54.9,F,64.393,151.969,TT,Yes,CC,GG,CC,TT,TT,GG,GG,GG,AA,TT
SiberianHusky,21.5,54.9,M,64.393,151.969,TT,Yes,TC,AG,AC,CT,TT,GG,GG,GG,GA,CT
SiberianHusky,21.5,54.9,M,64.393,151.969,TT,Yes,CC,GG,NA,TT,TT,GG,GG,GG,AA,TT
SilkyTerrier,24.5,NA,F,-34.036729,151.105957,CC,Yes,CC,GG,CC,TT,CC,GG,GG,GG,AA,TT
SilkyTerrier,24.5,NA,M,-34.036729,151.105957,CC,Yes,TT,AA,AA,CC,CC,AA,AA,AA,GG,CC
SilkyTerrier,24.5,NA,M,-34.036729,151.105957,CC,Yes,TT,AA,AA,CC,CC,AA,AA,AA,GG,CC
Sloughi,23,66.5,F,9.597,41.851,TT,Yes,TT,AA,AA,CC,TT,AA,AG,AG,GA,CT
Sloughi,23,66.5,M,9.597,41.851,TT,Yes,CC,GG,CC,TT,TT,GG,GG,GG,AA,TT
Sloughi,23,66.5,M,9.597,41.851,TT,Yes,CC,GG,CC,TT,TT,GG,GG,GG,AA,TT
SmallMunsterlander,22.5,53,F,51.960594,7.624254,TT,Yes,CC,GG,CC,TT,TT,GG,GG,GG,AA,TT
SmallMunsterlander,22.5,53,M,51.960594,7.624254,TT,Yes,CC,GG,CC,TT,TT,GG,GG,GG,AA,TT
SmoothFoxTerrier,7.5,37,F,52.708011,-1.208496,CC,Yes,CC,GG,CC,TT,CC,GG,GG,GG,AA,TT
SmoothFoxTerrier,7.5,37,M,52.708011,-1.208496,CC,Yes,TT,AA,AA,CC,CC,AA,AA,AA,GG,CC
SmoothFoxTerrier,7.5,37,M,52.708011,-1.208496,CC,Yes,TT,AA,AA,CC,CC,AA,AA,AA,GG,CC
SoftCoatedWheatenTerrier,16,46,F,51.922,-8.449,CT,Yes,TT,AA,AA,CC,CT,AA,AA,AA,GG,CC
SoftCoatedWheatenTerrier,16,46,M,51.922,-8.449,CC,Yes,TC,AG,AC,CT,CC,AG,AG,AG,GA,CT
SoftCoatedWheatenTerrier,16,46,F,51.922,-8.449,CC,Yes,TC,AG,AC,CT,CC,GG,AG,AG,GA,TT
SpanishGalgo,24.5,65,F,39.867588,-3.47168,TT,Yes,TT,AA,AA,CC,TT,AA,AA,AA,GG,CC
SpanishWaterDog,18,45,M,37.151561,-4.614258,CC,Yes,CC,GG,CC,TT,CC,GG,GG,GG,AA,TT
SpinoneItaliano,34,65,F,45.048,7.766,TT,Yes,TT,AA,AA,CC,TT,AA,AA,AA,GG,CC
SpinoneItaliano,34,65,F,45.048,7.766,TT,Yes,CC,GG,CC,TT,TT,GG,GG,GG,AA,TT
SpinoneItaliano,34,65,M,45.048,7.766,TT,Yes,CC,GG,CC,TT,TT,GG,GG,GG,AA,TT
SpinoneItaliano,34,65,M,45.048,7.766,CT,Yes,CC,GG,CC,TT,CT,GG,GG,GG,AA,TT
Stabyhoun,22.5,51.5,M,52.742943,6.196289,CC,Yes,TC,AG,AC,CT,CC,AG,AG,AG,GA,CT
StaffordshireBullTerrier,14,37,F,51.751,-1.25,CC,Yes,TT,AA,AA,CC,CC,AA,AA,AA,GG,CC
StaffordshireBullTerrier,14,37,F,51.751,-1.25,CC,Yes,TT,AA,AA,CC,CC,AA,AA,AA,GG,CC
StaffordshireBullTerrier,14,37,M,51.751,-1.25,CC,Yes,TT,AA,AA,CC,CC,AA,AA,AA,GG,CC
StandardPoodle,24.9,52.5,F,NA,NA,CC,Yes,TT,AA,AA,CC,CC,AA,AA,AA,GG,CC
StandardPoodle,24.9,52.5,M,NA,NA,CT,Yes,TC,AG,AC,CT,CT,AG,AG,AG,GA,CT
StandardPoodle,24.9,52.5,M,NA,NA,CT,Yes,TC,AG,AC,CT,CT,AG,AG,AG,GA,CT
StandardPoodle,24.9,52.5,F,NA,NA,TT,Yes,TT,AA,AA,CC,TT,AA,AA,AA,GG,CC
StandardSchnauzer,16.4,47,M,48.133,11.643,CC,Yes,CC,GG,CC,TT,CC,GG,GG,GG,AA,TT
StandardSchnauzer,16.4,47,F,48.133,11.643,CC,Yes,TT,AA,AA,CC,CC,AA,AA,AA,GG,CC
StandardSchnauzer,16.4,47,M,48.133,11.643,CT,Yes,TT,AA,AA,CC,CT,AA,GG,GG,AA,TT
StdManchesterTerrier,7.7,38.1,F,#N/A,#N/A,CC,Yes,TT,AA,AA,CC,CC,AA,AA,AA,GG,CC
StdManchesterTerrier,7.7,38.1,M,#N/A,#N/A,CC,Yes,TT,AA,AA,CC,CC,AA,AA,AA,GG,CC
StdManchesterTerrier,7.7,38.1,F,#N/A,#N/A,CC,Yes,TT,AA,AA,CC,CC,AA,AA,AA,GG,CC
SussexSpaniel,18.1,35.6,M,50.885709,-0.834961,CC,Yes,TT,AA,AA,CC,CC,AA,AA,AA,GG,CC
SussexSpaniel,18.1,35.6,F,50.885709,-0.834961,CC,Yes,TT,AA,AA,CC,CC,AA,AA,AA,GG,CC
SussexSpaniel,18.1,35.6,F,50.885709,-0.834961,CC,Yes,TT,AA,AA,CC,CC,AA,AA,AA,GG,CC
SwedishLapphund,20,45.5,F,67.403266,20.566406,CT,Yes,TT,AA,AA,CC,CT,AA,AA,AA,GG,CC
SwedishVallhund,20,45.5,M,57.604221,12.524414,CC,Yes,TC,AG,AC,CT,CC,AG,AG,AG,GA,CT
TibetanMastiff,70.3,67.3,M,29.662,91.297,TT,Yes,TT,AA,AA,CC,TT,AA,AA,AA,GG,CC
TibetanMastiff,70.3,67.3,M,29.662,91.297,CC,Yes,CC,GG,CC,TT,CC,GG,GG,GG,AA,TT
TibetanMastiff,70.3,67.3,F,29.662,91.297,CT,Yes,CC,GG,NA,CC,CT,GG,AG,AG,AA,TT
TibetanMastiff,70.3,67.3,F,29.662,91.297,TT,Yes,CC,GG,CC,TT,TT,GG,GG,GG,AA,TT
TibetanTerrier,11,38,M,29.662,91.297,CC,Yes,TC,AG,AC,CT,CC,AG,GG,GG,AA,TT
TibetanTerrier,11,38,F,29.662,91.297,TT,Yes,TT,AA,AA,CC,TT,AA,AG,AG,GA,CT
TibetanTerrier,11,38,M,29.662,91.297,CC,Yes,CC,GG,CC,TT,CC,GG,GG,GG,AA,TT
ToyFoxTerrier,5.2,25.4,M,52.708011,-1.308496,CC,Yes,TT,AA,AA,CC,CC,AA,AG,AG,GA,CT
ToyFoxTerrier,5.2,25.4,M,52.708011,-1.308496,CC,Yes,TT,AA,AA,CC,CC,AA,AA,AA,GG,CC
ToyFoxTerrier,5.2,25.4,F,52.708011,-1.308496,CC,Yes,TT,AA,AA,CC,CC,AA,AA,AA,GG,CC
ToyFoxTerrier,5.2,25.4,F,52.708011,-1.308496,CC,Yes,TT,AA,AA,CC,CC,AA,AA,AA,GG,CC
ToyPoodle,3.4,25.4,F,NA,NA,CC,Yes,TT,AA,AA,CC,CC,AA,AA,AA,GG,CC
ToyPoodle,3.4,25.4,F,NA,NA,CC,Yes,TT,AA,AA,CC,CC,AA,AA,AA,GG,CC
TreeingWalkerCoonhound,27.5,55,M,37.466139,-84.770508,TT,Yes,TT,AA,AA,CC,TT,AA,AA,AA,GG,CC
TreeingWalkerCoonhound,27.5,55,M,37.466139,-84.770508,CC,Yes,CC,GG,CC,TT,CC,GG,GG,GG,AA,TT
Vizsla,23.5,58.5,F,47.497,19.164,CT,Yes,CC,GG,NA,TT,CT,GG,NA,GG,GA,CT
Vizsla,23.5,58.5,M,47.497,19.164,CT,Yes,TC,AG,AC,CT,CT,AG,AG,AG,GA,CT
Vizsla,23.5,58.5,F,47.497,19.164,CC,Yes,TC,AG,AC,CT,CC,AG,AG,AG,GA,CT
Weimaraner,32.5,63,F,50.979493,11.323544,TT,Yes,TT,AA,AA,CC,TT,AA,AA,AA,GG,CC
Weimaraner,32.5,63,F,50.979493,11.323544,TT,Yes,CC,GG,CC,TT,TT,GG,GG,GG,AA,TT
WelshSpringerSpaniel,21.5,45.5,F,51.500194,-3.405762,CC,Yes,TC,AG,AC,CT,CC,AG,AG,AG,GA,CT
WelshSpringerSpaniel,21.5,45.5,M,51.500194,-3.405762,CC,Yes,TT,AA,AA,CC,CC,AA,AG,AG,GA,CT
WestHighlandWhiteTerrier,7.5,26.7,F,55.95,-3.2,TT,Yes,TC,AG,AA,CC,TT,AG,AG,AG,GA,CT
WestHighlandWhiteTerrier,7.5,26.7,M,55.95,-3.2,CT,Yes,CC,GG,CC,TT,CT,GG,GG,GG,AA,TT
WestHighlandWhiteTerrier,7.5,26.7,F,55.95,-3.2,CC,Yes,CC,GG,CC,TT,CC,GG,GG,GG,AA,TT
WestHighlandWhiteTerrier,7.5,26.7,M,55.95,-3.2,TT,Yes,TC,GG,AC,CT,TT,GG,AG,AG,GA,CT
Whippet,12.5,48.5,M,51.751,-1.25,CT,Yes,TC,AG,AC,NA,CT,AG,AG,AG,GA,CT
Whippet,12.5,48.5,F,51.751,-1.25,TT,Yes,TC,AG,AC,CT,TT,AG,AG,AG,GA,CT
Whippet,12.5,48.5,M,51.751,-1.25,TT,Yes,CC,GG,CC,TT,TT,GG,GG,GG,AA,TT
WireFoxTerrier,7.5,37,F,51.751,-1.25,CC,Yes,CC,GG,CC,TT,CC,GG,GG,GG,AA,TT
WireFoxTerrier,7.5,37,F,51.751,-1.25,CT,Yes,TT,AA,AA,CC,CT,AA,AA,AA,GG,CC
WirehairedPointingGriffon,25,55,M,50.5167,8.41,TT,Yes,TC,AG,AC,CT,TT,AG,AG,AG,GA,CT
WirehairedPointingGriffon,25,55,F,50.5167,8.41,TT,Yes,CC,GG,CC,TT,TT,GG,GG,GG,AA,TT
YorkshireTerrier,3.2,16.5,M,52.467,-1.917,CC,Yes,TT,AA,AA,CC,CC,AA,AG,AG,GA,CT
YorkshireTerrier,3.2,16.5,F,52.467,-1.917,CC,Yes,TT,AA,AA,CC,CC,AA,AA,AA,GG,CC
YorkshireTerrier,3.2,16.5,F,52.467,-1.917,CC,Yes,TT,AA,AA,CC,CC,AA,AG,AG,GA,CT
YorkshireTerrier,3.2,16.5,M,52.467,-1.917,CC,Yes,TT,AA,AA,CC,CC,AA,AA,AA,GG,CC
