breed,body_mass_kg,height_cm,sex,longitude,latitude,igf1_as_genotype,used_for_gwas,height_category,chr_location,marker_alleles_data
Akbash,53,77.5,NA,39.92077,32.85,TT,No,large,chr15_41216098,CC
Akbash,53,77.5,NA,39.92077,32.85,TT,No,large,chr15_41216597,GG
Akbash,53,77.5,NA,39.92077,32.85,TT,No,large,chr15_41217964,CC
Akbash,53,77.5,NA,39.92077,32.85,TT,No,large,chr15_41217985,TT
Akbash,53,77.5,NA,39.92077,32.85,TT,No,large,chr15_41219654,TT
Akbash,53,77.5,NA,39.92077,32.85,TT,No,large,chr15_41221438,GG
Akbash,53,77.5,NA,39.92077,32.85,TT,No,large,chr15_41227725,GG
Akbash,53,77.5,NA,39.92077,32.85,TT,No,large,chr15_41228068,GG
Akbash,53,77.5,NA,39.92077,32.85,TT,No,large,chr15_41229597,AA
Akbash,53,77.5,NA,39.92077,32.85,TT,No,large,chr15_41229800,TT
AnatolianShepherdDog,52.5,76,NA,39.974,33.082,CT,No,large,chr15_41216098,CC
AnatolianShepherdDog,52.5,76,NA,39.974,33.082,CT,No,large,chr15_41216597,AG
AnatolianShepherdDog,52.5,76,NA,39.974,33.082,CT,No,large,chr15_41217964,CC
AnatolianShepherdDog,52.5,76,NA,39.974,33.082,CT,No,large,chr15_41217985,CT
AnatolianShepherdDog,52.5,76,NA,39.974,33.082,CT,No,large,chr15_41219654,CT
AnatolianShepherdDog,52.5,76,NA,39.974,33.082,CT,No,large,chr15_41221438,GG
AnatolianShepherdDog,52.5,76,NA,39.974,33.082,CT,No,large,chr15_41227725,GG
AnatolianShepherdDog,52.5,76,NA,39.974,33.082,CT,No,large,chr15_41228068,GG
AnatolianShepherdDog,52.5,76,NA,39.974,33.082,CT,No,large,chr15_41229597,AA
AnatolianShepherdDog,52.5,76,NA,39.974,33.082,CT,No,large,chr15_41229800,TT
BlackRussianTerrier,50.6,71.1,F,55.896491,37.87674,TT,Yes,large,chr15_41216098,CC
BlackRussianTerrier,50.6,71.1,F,55.896491,37.87674,TT,Yes,large,chr15_41216597,GG
BlackRussianTerrier,50.6,71.1,F,55.896491,37.87674,TT,Yes,large,chr15_41217964,CC
BlackRussianTerrier,50.6,71.1,F,55.896491,37.87674,TT,Yes,large,chr15_41217985,TT
BlackRussianTerrier,50.6,71.1,F,55.896491,37.87674,TT,Yes,large,chr15_41219654,TT
BlackRussianTerrier,50.6,71.1,F,55.896491,37.87674,TT,Yes,large,chr15_41221438,GG
BlackRussianTerrier,50.6,71.1,F,55.896491,37.87674,TT,Yes,large,chr15_41227725,GG
BlackRussianTerrier,50.6,71.1,F,55.896491,37.87674,TT,Yes,large,chr15_41228068,GG
BlackRussianTerrier,50.6,71.1,F,55.896491,37.87674,TT,Yes,large,chr15_41229597,AA
BlackRussianTerrier,50.6,71.1,F,55.896491,37.87674,TT,Yes,large,chr15_41229800,TT
BrusselsGriffon,5,17.8,F,50.85034,4.35171,CC,No,small,chr15_41216098,TT
BrusselsGriffon,5,17.8,F,50.85034,4.35171,CC,No,small,chr15_41216597,AA
BrusselsGriffon,5,17.8,F,50.85034,4.35171,CC,No,small,chr15_41217964,AA
BrusselsGriffon,5,17.8,F,50.85034,4.35171,CC,No,small,chr15_41217985,CC
BrusselsGriffon,5,17.8,F,50.85034,4.35171,CC,No,small,chr15_41219654,CC
BrusselsGriffon,5,17.8,F,50.85034,4.35171,CC,No,small,chr15_41221438,AA
BrusselsGriffon,5,17.8,F,50.85034,4.35171,CC,No,small,chr15_41227725,AA
BrusselsGriffon,5,17.8,F,50.85034,4.35171,CC,No,small,chr15_41228068,AA
BrusselsGriffon,5,17.8,F,50.85034,4.35171,CC,No,small,chr15_41229597,GG
BrusselsGriffon,5,17.8,F,50.85034,4.35171,CC,No,small,chr15_41229800,CC
BrusselsGriffon,5,17.8,F,50.85034,4.35171,CC,Yes,small,chr15_41216098,TT
BrusselsGriffon,5,17.8,F,50.85034,4.35171,CC,Yes,small,chr15_41216597,AA
BrusselsGriffon,5,17.8,F,50.85034,4.35171,CC,Yes,small,chr15_41217964,AA
BrusselsGriffon,5,17.8,F,50.85034,4.35171,CC,Yes,small,chr15_41217985,CC
BrusselsGriffon,5,17.8,F,50.85034,4.35171,CC,Yes,small,chr15_41219654,CC
BrusselsGriffon,5,17.8,F,50.85034,4.35171,CC,Yes,small,chr15_41221438,AA
BrusselsGriffon,5,17.8,F,50.85034,4.35171,CC,Yes,small,chr15_41227725,AA
BrusselsGriffon,5,17.8,F,50.85034,4.35171,CC,Yes,small,chr15_41228068,AA
BrusselsGriffon,5,17.8,F,50.85034,4.35171,CC,Yes,small,chr15_41229597,GG
BrusselsGriffon,5,17.8,F,50.85034,4.35171,CC,Yes,small,chr15_41229800,CC
BrusselsGriffon,5,17.8,F,50.85034,4.35171,CC,No,small,chr15_41216098,TT
BrusselsGriffon,5,17.8,F,50.85034,4.35171,CC,No,small,chr15_41216597,AA
BrusselsGriffon,5,17.8,F,50.85034,4.35171,CC,No,small,chr15_41217964,AA
BrusselsGriffon,5,17.8,F,50.85034,4.35171,CC,No,small,chr15_41217985,CC
BrusselsGriffon,5,17.8,F,50.85034,4.35171,CC,No,small,chr15_41219654,CC
BrusselsGriffon,5,17.8,F,50.85034,4.35171,CC,No,small,chr15_41221438,AA
BrusselsGriffon,5,17.8,F,50.85034,4.35171,CC,No,small,chr15_41227725,AA
BrusselsGriffon,5,17.8,F,50.85034,4.35171,CC,No,small,chr15_41228068,AA
BrusselsGriffon,5,17.8,F,50.85034,4.35171,CC,No,small,chr15_41229597,GG
BrusselsGriffon,5,17.8,F,50.85034,4.35171,CC,No,small,chr15_41229800,CC
BrusselsGriffon,5,17.8,F,50.85034,4.35171,CC,Yes,small,chr15_41216098,TT
BrusselsGriffon,5,17.8,F,50.85034,4.35171,CC,Yes,small,chr15_41216597,AA
BrusselsGriffon,5,17.8,F,50.85034,4.35171,CC,Yes,small,chr15_41217964,AA
BrusselsGriffon,5,17.8,F,50.85034,4.35171,CC,Yes,small,chr15_41217985,CC
BrusselsGriffon,5,17.8,F,50.85034,4.35171,CC,Yes,small,chr15_41219654,CC
BrusselsGriffon,5,17.8,F,50.85034,4.35171,CC,Yes,small,chr15_41221438,AA
BrusselsGriffon,5,17.8,F,50.85034,4.35171,CC,Yes,small,chr15_41227725,AA
BrusselsGriffon,5,17.8,F,50.85034,4.35171,CC,Yes,small,chr15_41228068,AA
BrusselsGriffon,5,17.8,F,50.85034,4.35171,CC,Yes,small,chr15_41229597,GG
BrusselsGriffon,5,17.8,F,50.85034,4.35171,CC,Yes,small,chr15_41229800,CC
BrusselsGriffon,5,17.8,M,50.85034,4.35171,CC,Yes,small,chr15_41216098,TT
BrusselsGriffon,5,17.8,M,50.85034,4.35171,CC,Yes,small,chr15_41216597,AA
BrusselsGriffon,5,17.8,M,50.85034,4.35171,CC,Yes,small,chr15_41217964,AA
BrusselsGriffon,5,17.8,M,50.85034,4.35171,CC,Yes,small,chr15_41217985,CC
BrusselsGriffon,5,17.8,M,50.85034,4.35171,CC,Yes,small,chr15_41219654,CC
BrusselsGriffon,5,17.8,M,50.85034,4.35171,CC,Yes,small,chr15_41221438,AA
BrusselsGriffon,5,17.8,M,50.85034,4.35171,CC,Yes,small,chr15_41227725,AA
BrusselsGriffon,5,17.8,M,50.85034,4.35171,CC,Yes,small,chr15_41228068,AA
BrusselsGriffon,5,17.8,M,50.85034,4.35171,CC,Yes,small,chr15_41229597,GG
BrusselsGriffon,5,17.8,M,50.85034,4.35171,CC,Yes,small,chr15_41229800,CC
BrusselsGriffon,5,17.8,NA,50.85034,4.35171,CC,No,small,chr15_41216098,TT
BrusselsGriffon,5,17.8,NA,50.85034,4.35171,CC,No,small,chr15_41216597,AA
BrusselsGriffon,5,17.8,NA,50.85034,4.35171,CC,No,small,chr15_41217964,AA
BrusselsGriffon,5,17.8,NA,50.85034,4.35171,CC,No,small,chr15_41217985,CC
BrusselsGriffon,5,17.8,NA,50.85034,4.35171,CC,No,small,chr15_41219654,CC
BrusselsGriffon,5,17.8,NA,50.85034,4.35171,CC,No,small,chr15_41221438,AA
BrusselsGriffon,5,17.8,NA,50.85034,4.35171,CC,No,small,chr15_41227725,AA
BrusselsGriffon,5,17.8,NA,50.85034,4.35171,CC,No,small,chr15_41228068,AA
BrusselsGriffon,5,17.8,NA,50.85034,4.35171,CC,No,small,chr15_41229597,GG
BrusselsGriffon,5,17.8,NA,50.85034,4.35171,CC,No,small,chr15_41229800,CC
Chihuahua,1.8,19,F,28.591757,-106.122437,CC,Yes,small,chr15_41216098,TT
Chihuahua,1.8,19,F,28.591757,-106.122437,CC,Yes,small,chr15_41216597,AA
Chihuahua,1.8,19,F,28.591757,-106.122437,CC,Yes,small,chr15_41217964,AA
Chihuahua,1.8,19,F,28.591757,-106.122437,CC,Yes,small,chr15_41217985,CC
Chihuahua,1.8,19,F,28.591757,-106.122437,CC,Yes,small,chr15_41219654,CC
Chihuahua,1.8,19,F,28.591757,-106.122437,CC,Yes,small,chr15_41221438,AA
Chihuahua,1.8,19,F,28.591757,-106.122437,CC,Yes,small,chr15_41227725,AG
Chihuahua,1.8,19,F,28.591757,-106.122437,CC,Yes,small,chr15_41228068,AG
Chihuahua,1.8,19,F,28.591757,-106.122437,CC,Yes,small,chr15_41229597,GA
Chihuahua,1.8,19,F,28.591757,-106.122437,CC,Yes,small,chr15_41229800,CT
Chihuahua,1.8,19,M,28.591757,-106.122437,CC,Yes,small,chr15_41216098,TT
Chihuahua,1.8,19,M,28.591757,-106.122437,CC,Yes,small,chr15_41216597,AA
Chihuahua,1.8,19,M,28.591757,-106.122437,CC,Yes,small,chr15_41217964,AA
Chihuahua,1.8,19,M,28.591757,-106.122437,CC,Yes,small,chr15_41217985,CC
Chihuahua,1.8,19,M,28.591757,-106.122437,CC,Yes,small,chr15_41219654,CC
Chihuahua,1.8,19,M,28.591757,-106.122437,CC,Yes,small,chr15_41221438,AA
Chihuahua,1.8,19,M,28.591757,-106.122437,CC,Yes,small,chr15_41227725,AA
Chihuahua,1.8,19,M,28.591757,-106.122437,CC,Yes,small,chr15_41228068,AA
Chihuahua,1.8,19,M,28.591757,-106.122437,CC,Yes,small,chr15_41229597,GG
Chihuahua,1.8,19,M,28.591757,-106.122437,CC,Yes,small,chr15_41229800,CC
Chihuahua,1.8,19,M,28.591757,-106.122437,CC,Yes,small,chr15_41216098,TT
Chihuahua,1.8,19,M,28.591757,-106.122437,CC,Yes,small,chr15_41216597,AA
Chihuahua,1.8,19,M,28.591757,-106.122437,CC,Yes,small,chr15_41217964,AA
Chihuahua,1.8,19,M,28.591757,-106.122437,CC,Yes,small,chr15_41217985,CC
Chihuahua,1.8,19,M,28.591757,-106.122437,CC,Yes,small,chr15_41219654,CC
Chihuahua,1.8,19,M,28.591757,-106.122437,CC,Yes,small,chr15_41221438,AA
Chihuahua,1.8,19,M,28.591757,-106.122437,CC,Yes,small,chr15_41227725,AA
Chihuahua,1.8,19,M,28.591757,-106.122437,CC,Yes,small,chr15_41228068,AA
Chihuahua,1.8,19,M,28.591757,-106.122437,CC,Yes,small,chr15_41229597,GG
Chihuahua,1.8,19,M,28.591757,-106.122437,CC,Yes,small,chr15_41229800,CC
Chihuahua,1.8,19,NA,28.591757,-106.122437,CC,No,small,chr15_41216098,TT
Chihuahua,1.8,19,NA,28.591757,-106.122437,CC,No,small,chr15_41216597,AA
Chihuahua,1.8,19,NA,28.591757,-106.122437,CC,No,small,chr15_41217964,AA
Chihuahua,1.8,19,NA,28.591757,-106.122437,CC,No,small,chr15_41217985,CC
Chihuahua,1.8,19,NA,28.591757,-106.122437,CC,No,small,chr15_41219654,CC
Chihuahua,1.8,19,NA,28.591757,-106.122437,CC,No,small,chr15_41221438,AA
Chihuahua,1.8,19,NA,28.591757,-106.122437,CC,No,small,chr15_41227725,AA
Chihuahua,1.8,19,NA,28.591757,-106.122437,CC,No,small,chr15_41228068,AA
Chihuahua,1.8,19,NA,28.591757,-106.122437,CC,No,small,chr15_41229597,GG
Chihuahua,1.8,19,NA,28.591757,-106.122437,CC,No,small,chr15_41229800,CC
EnglishMastiff,70.3,73,F,NA,NA,TT,Yes,large,chr15_41216098,CC
EnglishMastiff,70.3,73,F,NA,NA,TT,Yes,large,chr15_41216597,GG
EnglishMastiff,70.3,73,F,NA,NA,TT,Yes,large,chr15_41217964,CC
EnglishMastiff,70.3,73,F,NA,NA,TT,Yes,large,chr15_41217985,TT
EnglishMastiff,70.3,73,F,NA,NA,TT,Yes,large,chr15_41219654,TT
EnglishMastiff,70.3,73,F,NA,NA,TT,Yes,large,chr15_41221438,GG
EnglishMastiff,70.3,73,F,NA,NA,TT,Yes,large,chr15_41227725,GG
EnglishMastiff,70.3,73,F,NA,NA,TT,Yes,large,chr15_41228068,GG
EnglishMastiff,70.3,73,F,NA,NA,TT,Yes,large,chr15_41229597,AA
EnglishMastiff,70.3,73,F,NA,NA,TT,Yes,large,chr15_41229800,TT
EnglishMastiff,70.3,73,M,NA,NA,TT,Yes,large,chr15_41216098,CC
EnglishMastiff,70.3,73,M,NA,NA,TT,Yes,large,chr15_41216597,GG
EnglishMastiff,70.3,73,M,NA,NA,TT,Yes,large,chr15_41217964,CC
EnglishMastiff,70.3,73,M,NA,NA,TT,Yes,large,chr15_41217985,TT
EnglishMastiff,70.3,73,M,NA,NA,TT,Yes,large,chr15_41219654,TT
EnglishMastiff,70.3,73,M,NA,NA,TT,Yes,large,chr15_41221438,GG
EnglishMastiff,70.3,73,M,NA,NA,TT,Yes,large,chr15_41227725,GG
EnglishMastiff,70.3,73,M,NA,NA,TT,Yes,large,chr15_41228068,GG
EnglishMastiff,70.3,73,M,NA,NA,TT,Yes,large,chr15_41229597,AA
EnglishMastiff,70.3,73,M,NA,NA,TT,Yes,large,chr15_41229800,TT
EnglishMastiff,70.3,73,NA,NA,NA,TT,No,large,chr15_41216098,CC
EnglishMastiff,70.3,73,NA,NA,NA,TT,No,large,chr15_41216597,GG
EnglishMastiff,70.3,73,NA,NA,NA,TT,No,large,chr15_41217964,CC
EnglishMastiff,70.3,73,NA,NA,NA,TT,No,large,chr15_41217985,TT
EnglishMastiff,70.3,73,NA,NA,NA,TT,No,large,chr15_41219654,TT
EnglishMastiff,70.3,73,NA,NA,NA,TT,No,large,chr15_41221438,GG
EnglishMastiff,70.3,73,NA,NA,NA,TT,No,large,chr15_41227725,GG
EnglishMastiff,70.3,73,NA,NA,NA,TT,No,large,chr15_41228068,GG
EnglishMastiff,70.3,73,NA,NA,NA,TT,No,large,chr15_41229597,AA
EnglishMastiff,70.3,73,NA,NA,NA,TT,No,large,chr15_41229800,TT
EnglishMastiff,70.3,73,NA,NA,NA,TT,No,large,chr15_41216098,CC
EnglishMastiff,70.3,73,NA,NA,NA,TT,No,large,chr15_41216597,GG
EnglishMastiff,70.3,73,NA,NA,NA,TT,No,large,chr15_41217964,CC
EnglishMastiff,70.3,73,NA,NA,NA,TT,No,large,chr15_41217985,TT
EnglishMastiff,70.3,73,NA,NA,NA,TT,No,large,chr15_41219654,TT
EnglishMastiff,70.3,73,NA,NA,NA,TT,No,large,chr15_41221438,GG
EnglishMastiff,70.3,73,NA,NA,NA,TT,No,large,chr15_41227725,GG
EnglishMastiff,70.3,73,NA,NA,NA,TT,No,large,chr15_41228068,GG
EnglishMastiff,70.3,73,NA,NA,NA,TT,No,large,chr15_41229597,AA
EnglishMastiff,70.3,73,NA,NA,NA,TT,No,large,chr15_41229800,TT
EnglishMastiff,70.3,73,M,NA,NA,TT,Yes,large,chr15_41216098,CC
EnglishMastiff,70.3,73,M,NA,NA,TT,Yes,large,chr15_41216597,GG
EnglishMastiff,70.3,73,M,NA,NA,TT,Yes,large,chr15_41217964,CC
EnglishMastiff,70.3,73,M,NA,NA,TT,Yes,large,chr15_41217985,TT
EnglishMastiff,70.3,73,M,NA,NA,TT,Yes,large,chr15_41219654,TT
EnglishMastiff,70.3,73,M,NA,NA,TT,Yes,large,chr15_41221438,GG
EnglishMastiff,70.3,73,M,NA,NA,TT,Yes,large,chr15_41227725,GG
EnglishMastiff,70.3,73,M,NA,NA,TT,Yes,large,chr15_41228068,GG
EnglishMastiff,70.3,73,M,NA,NA,TT,Yes,large,chr15_41229597,AA
EnglishMastiff,70.3,73,M,NA,NA,TT,Yes,large,chr15_41229800,TT
GreatDane,62.4,78.7,M,52.505,13.573,TT,Yes,large,chr15_41216098,CC
GreatDane,62.4,78.7,M,52.505,13.573,TT,Yes,large,chr15_41216597,GG
GreatDane,62.4,78.7,M,52.505,13.573,TT,Yes,large,chr15_41217964,CC
GreatDane,62.4,78.7,M,52.505,13.573,TT,Yes,large,chr15_41217985,TT
GreatDane,62.4,78.7,M,52.505,13.573,TT,Yes,large,chr15_41219654,TT
GreatDane,62.4,78.7,M,52.505,13.573,TT,Yes,large,chr15_41221438,GG
GreatDane,62.4,78.7,M,52.505,13.573,TT,Yes,large,chr15_41227725,GG
GreatDane,62.4,78.7,M,52.505,13.573,TT,Yes,large,chr15_41228068,GG
GreatDane,62.4,78.7,M,52.505,13.573,TT,Yes,large,chr15_41229597,AA
GreatDane,62.4,78.7,M,52.505,13.573,TT,Yes,large,chr15_41229800,TT
GreatDane,62.4,78.7,F,52.505,13.573,TT,Yes,large,chr15_41216098,CC
GreatDane,62.4,78.7,F,52.505,13.573,TT,Yes,large,chr15_41216597,GG
GreatDane,62.4,78.7,F,52.505,13.573,TT,Yes,large,chr15_41217964,CC
GreatDane,62.4,78.7,F,52.505,13.573,TT,Yes,large,chr15_41217985,TT
GreatDane,62.4,78.7,F,52.505,13.573,TT,Yes,large,chr15_41219654,TT
GreatDane,62.4,78.7,F,52.505,13.573,TT,Yes,large,chr15_41221438,GG
GreatDane,62.4,78.7,F,52.505,13.573,TT,Yes,large,chr15_41227725,GG
GreatDane,62.4,78.7,F,52.505,13.573,TT,Yes,large,chr15_41228068,GG
GreatDane,62.4,78.7,F,52.505,13.573,TT,Yes,large,chr15_41229597,AA
GreatDane,62.4,78.7,F,52.505,13.573,TT,Yes,large,chr15_41229800,TT
GreatDane,62.4,78.7,M,52.505,13.573,TT,Yes,large,chr15_41216098,CC
GreatDane,62.4,78.7,M,52.505,13.573,TT,Yes,large,chr15_41216597,GG
GreatDane,62.4,78.7,M,52.505,13.573,TT,Yes,large,chr15_41217964,CC
GreatDane,62.4,78.7,M,52.505,13.573,TT,Yes,large,chr15_41217985,TT
GreatDane,62.4,78.7,M,52.505,13.573,TT,Yes,large,chr15_41219654,TT
GreatDane,62.4,78.7,M,52.505,13.573,TT,Yes,large,chr15_41221438,GG
GreatDane,62.4,78.7,M,52.505,13.573,TT,Yes,large,chr15_41227725,GG
GreatDane,62.4,78.7,M,52.505,13.573,TT,Yes,large,chr15_41228068,GG
GreatDane,62.4,78.7,M,52.505,13.573,TT,Yes,large,chr15_41229597,AA
GreatDane,62.4,78.7,M,52.505,13.573,TT,Yes,large,chr15_41229800,TT
GreatDane,62.4,78.7,F,52.505,13.573,TT,Yes,large,chr15_41216098,CC
GreatDane,62.4,78.7,F,52.505,13.573,TT,Yes,large,chr15_41216597,GG
GreatDane,62.4,78.7,F,52.505,13.573,TT,Yes,large,chr15_41217964,CC
GreatDane,62.4,78.7,F,52.505,13.573,TT,Yes,large,chr15_41217985,TT
GreatDane,62.4,78.7,F,52.505,13.573,TT,Yes,large,chr15_41219654,TT
GreatDane,62.4,78.7,F,52.505,13.573,TT,Yes,large,chr15_41221438,GG
GreatDane,62.4,78.7,F,52.505,13.573,TT,Yes,large,chr15_41227725,GG
GreatDane,62.4,78.7,F,52.505,13.573,TT,Yes,large,chr15_41228068,GG
GreatDane,62.4,78.7,F,52.505,13.573,TT,Yes,large,chr15_41229597,AA
GreatDane,62.4,78.7,F,52.505,13.573,TT,Yes,large,chr15_41229800,TT
GreatDane,62.4,78.7,F,52.505,13.573,TT,No,large,chr15_41216098,CC
GreatDane,62.4,78.7,F,52.505,13.573,TT,No,large,chr15_41216597,GG
GreatDane,62.4,78.7,F,52.505,13.573,TT,No,large,chr15_41217964,CC
GreatDane,62.4,78.7,F,52.505,13.573,TT,No,large,chr15_41217985,TT
GreatDane,62.4,78.7,F,52.505,13.573,TT,No,large,chr15_41219654,TT
GreatDane,62.4,78.7,F,52.505,13.573,TT,No,large,chr15_41221438,GG
GreatDane,62.4,78.7,F,52.505,13.573,TT,No,large,chr15_41227725,GG
GreatDane,62.4,78.7,F,52.505,13.573,TT,No,large,chr15_41228068,GG
GreatDane,62.4,78.7,F,52.505,13.573,TT,No,large,chr15_41229597,AA
GreatDane,62.4,78.7,F,52.505,13.573,TT,No,large,chr15_41229800,TT
GreatPyrenees,42,71.8,M,42.822,0.633,TT,Yes,large,chr15_41216098,CC
GreatPyrenees,42,71.8,M,42.822,0.633,TT,Yes,large,chr15_41216597,GG
GreatPyrenees,42,71.8,M,42.822,0.633,TT,Yes,large,chr15_41217964,CC
GreatPyrenees,42,71.8,M,42.822,0.633,TT,Yes,large,chr15_41217985,TT
GreatPyrenees,42,71.8,M,42.822,0.633,TT,Yes,large,chr15_41219654,TT
GreatPyrenees,42,71.8,M,42.822,0.633,TT,Yes,large,chr15_41221438,GG
GreatPyrenees,42,71.8,M,42.822,0.633,TT,Yes,large,chr15_41227725,GG
GreatPyrenees,42,71.8,M,42.822,0.633,TT,Yes,large,chr15_41228068,GG
GreatPyrenees,42,71.8,M,42.822,0.633,TT,Yes,large,chr15_41229597,AA
GreatPyrenees,42,71.8,M,42.822,0.633,TT,Yes,large,chr15_41229800,TT
GreatPyrenees,42,71.8,NA,42.822,0.633,TT,No,large,chr15_41216098,TC
GreatPyrenees,42,71.8,NA,42.822,0.633,TT,No,large,chr15_41216597,AG
GreatPyrenees,42,71.8,NA,42.822,0.633,TT,No,large,chr15_41217964,AC
GreatPyrenees,42,71.8,NA,42.822,0.633,TT,No,large,chr15_41217985,CT
GreatPyrenees,42,71.8,NA,42.822,0.633,TT,No,large,chr15_41219654,TT
GreatPyrenees,42,71.8,NA,42.822,0.633,TT,No,large,chr15_41221438,AG
GreatPyrenees,42,71.8,NA,42.822,0.633,TT,No,large,chr15_41227725,GG
GreatPyrenees,42,71.8,NA,42.822,0.633,TT,No,large,chr15_41228068,GG
GreatPyrenees,42,71.8,NA,42.822,0.633,TT,No,large,chr15_41229597,AA
GreatPyrenees,42,71.8,NA,42.822,0.633,TT,No,large,chr15_41229800,TT
Greyhound,29.5,71.8,F,51.512,-0.119,TT,No,large,chr15_41216098,CC
Greyhound,29.5,71.8,F,51.512,-0.119,TT,No,large,chr15_41216597,GG
Greyhound,29.5,71.8,F,51.512,-0.119,TT,No,large,chr15_41217964,CC
Greyhound,29.5,71.8,F,51.512,-0.119,TT,No,large,chr15_41217985,TT
Greyhound,29.5,71.8,F,51.512,-0.119,TT,No,large,chr15_41219654,TT
Greyhound,29.5,71.8,F,51.512,-0.119,TT,No,large,chr15_41221438,GG
Greyhound,29.5,71.8,F,51.512,-0.119,TT,No,large,chr15_41227725,GG
Greyhound,29.5,71.8,F,51.512,-0.119,TT,No,large,chr15_41228068,GG
Greyhound,29.5,71.8,F,51.512,-0.119,TT,No,large,chr15_41229597,AA
Greyhound,29.5,71.8,F,51.512,-0.119,TT,No,large,chr15_41229800,TT
Greyhound,29.5,71.8,M,51.512,-0.119,TT,No,large,chr15_41216098,CC
Greyhound,29.5,71.8,M,51.512,-0.119,TT,No,large,chr15_41216597,GG
Greyhound,29.5,71.8,M,51.512,-0.119,TT,No,large,chr15_41217964,NA
Greyhound,29.5,71.8,M,51.512,-0.119,TT,No,large,chr15_41217985,TT
Greyhound,29.5,71.8,M,51.512,-0.119,TT,No,large,chr15_41219654,TT
Greyhound,29.5,71.8,M,51.512,-0.119,TT,No,large,chr15_41221438,GG
Greyhound,29.5,71.8,M,51.512,-0.119,TT,No,large,chr15_41227725,GG
Greyhound,29.5,71.8,M,51.512,-0.119,TT,No,large,chr15_41228068,GG
Greyhound,29.5,71.8,M,51.512,-0.119,TT,No,large,chr15_41229597,AA
Greyhound,29.5,71.8,M,51.512,-0.119,TT,No,large,chr15_41229800,TT
Greyhound,29.5,71.8,M,51.512,-0.119,TT,Yes,large,chr15_41216098,CC
Greyhound,29.5,71.8,M,51.512,-0.119,TT,Yes,large,chr15_41216597,GG
Greyhound,29.5,71.8,M,51.512,-0.119,TT,Yes,large,chr15_41217964,CC
Greyhound,29.5,71.8,M,51.512,-0.119,TT,Yes,large,chr15_41217985,TT
Greyhound,29.5,71.8,M,51.512,-0.119,TT,Yes,large,chr15_41219654,TT
Greyhound,29.5,71.8,M,51.512,-0.119,TT,Yes,large,chr15_41221438,GG
Greyhound,29.5,71.8,M,51.512,-0.119,TT,Yes,large,chr15_41227725,GG
Greyhound,29.5,71.8,M,51.512,-0.119,TT,Yes,large,chr15_41228068,GG
Greyhound,29.5,71.8,M,51.512,-0.119,TT,Yes,large,chr15_41229597,AA
Greyhound,29.5,71.8,M,51.512,-0.119,TT,Yes,large,chr15_41229800,TT
Greyhound,29.5,71.8,M,51.512,-0.119,TT,No,large,chr15_41216098,CC
Greyhound,29.5,71.8,M,51.512,-0.119,TT,No,large,chr15_41216597,GG
Greyhound,29.5,71.8,M,51.512,-0.119,TT,No,large,chr15_41217964,CC
Greyhound,29.5,71.8,M,51.512,-0.119,TT,No,large,chr15_41217985,TT
Greyhound,29.5,71.8,M,51.512,-0.119,TT,No,large,chr15_41219654,TT
Greyhound,29.5,71.8,M,51.512,-0.119,TT,No,large,chr15_41221438,GG
Greyhound,29.5,71.8,M,51.512,-0.119,TT,No,large,chr15_41227725,GG
Greyhound,29.5,71.8,M,51.512,-0.119,TT,No,large,chr15_41228068,GG
Greyhound,29.5,71.8,M,51.512,-0.119,TT,No,large,chr15_41229597,AA
Greyhound,29.5,71.8,M,51.512,-0.119,TT,No,large,chr15_41229800,TT
Greyhound,29.5,71.8,F,51.512,-0.119,TT,No,large,chr15_41216098,CC
Greyhound,29.5,71.8,F,51.512,-0.119,TT,No,large,chr15_41216597,GG
Greyhound,29.5,71.8,F,51.512,-0.119,TT,No,large,chr15_41217964,CC
Greyhound,29.5,71.8,F,51.512,-0.119,TT,No,large,chr15_41217985,TT
Greyhound,29.5,71.8,F,51.512,-0.119,TT,No,large,chr15_41219654,TT
Greyhound,29.5,71.8,F,51.512,-0.119,TT,No,large,chr15_41221438,GG
Greyhound,29.5,71.8,F,51.512,-0.119,TT,No,large,chr15_41227725,GG
Greyhound,29.5,71.8,F,51.512,-0.119,TT,No,large,chr15_41228068,GG
Greyhound,29.5,71.8,F,51.512,-0.119,TT,No,large,chr15_41229597,AA
Greyhound,29.5,71.8,F,51.512,-0.119,TT,No,large,chr15_41229800,TT
Greyhound,29.5,71.8,M,51.512,-0.119,TT,Yes,large,chr15_41216098,CC
Greyhound,29.5,71.8,M,51.512,-0.119,TT,Yes,large,chr15_41216597,GG
Greyhound,29.5,71.8,M,51.512,-0.119,TT,Yes,large,chr15_41217964,CC
Greyhound,29.5,71.8,M,51.512,-0.119,TT,Yes,large,chr15_41217985,TT
Greyhound,29.5,71.8,M,51.512,-0.119,TT,Yes,large,chr15_41219654,TT
Greyhound,29.5,71.8,M,51.512,-0.119,TT,Yes,large,chr15_41221438,GG
Greyhound,29.5,71.8,M,51.512,-0.119,TT,Yes,large,chr15_41227725,GG
Greyhound,29.5,71.8,M,51.512,-0.119,TT,Yes,large,chr15_41228068,GG
Greyhound,29.5,71.8,M,51.512,-0.119,TT,Yes,large,chr15_41229597,AA
Greyhound,29.5,71.8,M,51.512,-0.119,TT,Yes,large,chr15_41229800,TT
Greyhound,29.5,71.8,F,51.512,-0.119,TT,Yes,large,chr15_41216098,CC
Greyhound,29.5,71.8,F,51.512,-0.119,TT,Yes,large,chr15_41216597,GG
Greyhound,29.5,71.8,F,51.512,-0.119,TT,Yes,large,chr15_41217964,CC
Greyhound,29.5,71.8,F,51.512,-0.119,TT,Yes,large,chr15_41217985,TT
Greyhound,29.5,71.8,F,51.512,-0.119,TT,Yes,large,chr15_41219654,TT
Greyhound,29.5,71.8,F,51.512,-0.119,TT,Yes,large,chr15_41221438,GG
Greyhound,29.5,71.8,F,51.512,-0.119,TT,Yes,large,chr15_41227725,GG
Greyhound,29.5,71.8,F,51.512,-0.119,TT,Yes,large,chr15_41228068,GG
Greyhound,29.5,71.8,F,51.512,-0.119,TT,Yes,large,chr15_41229597,AA
Greyhound,29.5,71.8,F,51.512,-0.119,TT,Yes,large,chr15_41229800,TT
Greyhound,29.5,71.8,F,51.512,-0.119,TT,Yes,large,chr15_41216098,CC
Greyhound,29.5,71.8,F,51.512,-0.119,TT,Yes,large,chr15_41216597,GG
Greyhound,29.5,71.8,F,51.512,-0.119,TT,Yes,large,chr15_41217964,CC
Greyhound,29.5,71.8,F,51.512,-0.119,TT,Yes,large,chr15_41217985,TT
Greyhound,29.5,71.8,F,51.512,-0.119,TT,Yes,large,chr15_41219654,TT
Greyhound,29.5,71.8,F,51.512,-0.119,TT,Yes,large,chr15_41221438,GG
Greyhound,29.5,71.8,F,51.512,-0.119,TT,Yes,large,chr15_41227725,GG
Greyhound,29.5,71.8,F,51.512,-0.119,TT,Yes,large,chr15_41228068,GG
Greyhound,29.5,71.8,F,51.512,-0.119,TT,Yes,large,chr15_41229597,AA
Greyhound,29.5,71.8,F,51.512,-0.119,TT,Yes,large,chr15_41229800,TT
Greyhound,29.5,71.8,NA,51.512,-0.119,TT,No,large,chr15_41216098,CC
Greyhound,29.5,71.8,NA,51.512,-0.119,TT,No,large,chr15_41216597,GG
Greyhound,29.5,71.8,NA,51.512,-0.119,TT,No,large,chr15_41217964,CC
Greyhound,29.5,71.8,NA,51.512,-0.119,TT,No,large,chr15_41217985,TT
Greyhound,29.5,71.8,NA,51.512,-0.119,TT,No,large,chr15_41219654,TT
Greyhound,29.5,71.8,NA,51.512,-0.119,TT,No,large,chr15_41221438,GG
Greyhound,29.5,71.8,NA,51.512,-0.119,TT,No,large,chr15_41227725,GG
Greyhound,29.5,71.8,NA,51.512,-0.119,TT,No,large,chr15_41228068,GG
Greyhound,29.5,71.8,NA,51.512,-0.119,TT,No,large,chr15_41229597,AA
Greyhound,29.5,71.8,NA,51.512,-0.119,TT,No,large,chr15_41229800,TT
Greyhound,29.5,71.8,F,51.512,-0.119,TT,No,large,chr15_41216098,CC
Greyhound,29.5,71.8,F,51.512,-0.119,TT,No,large,chr15_41216597,GG
Greyhound,29.5,71.8,F,51.512,-0.119,TT,No,large,chr15_41217964,CC
Greyhound,29.5,71.8,F,51.512,-0.119,TT,No,large,chr15_41217985,TT
Greyhound,29.5,71.8,F,51.512,-0.119,TT,No,large,chr15_41219654,TT
Greyhound,29.5,71.8,F,51.512,-0.119,TT,No,large,chr15_41221438,GG
Greyhound,29.5,71.8,F,51.512,-0.119,TT,No,large,chr15_41227725,GG
Greyhound,29.5,71.8,F,51.512,-0.119,TT,No,large,chr15_41228068,GG
Greyhound,29.5,71.8,F,51.512,-0.119,TT,No,large,chr15_41229597,AA
Greyhound,29.5,71.8,F,51.512,-0.119,TT,No,large,chr15_41229800,TT
IrishWolfhound,51,78.7,F,53.346,-6.345,TT,Yes,large,chr15_41216098,CC
IrishWolfhound,51,78.7,F,53.346,-6.345,TT,Yes,large,chr15_41216597,GG
IrishWolfhound,51,78.7,F,53.346,-6.345,TT,Yes,large,chr15_41217964,CC
IrishWolfhound,51,78.7,F,53.346,-6.345,TT,Yes,large,chr15_41217985,TT
IrishWolfhound,51,78.7,F,53.346,-6.345,TT,Yes,large,chr15_41219654,TT
IrishWolfhound,51,78.7,F,53.346,-6.345,TT,Yes,large,chr15_41221438,GG
IrishWolfhound,51,78.7,F,53.346,-6.345,TT,Yes,large,chr15_41227725,GG
IrishWolfhound,51,78.7,F,53.346,-6.345,TT,Yes,large,chr15_41228068,GG
IrishWolfhound,51,78.7,F,53.346,-6.345,TT,Yes,large,chr15_41229597,AA
IrishWolfhound,51,78.7,F,53.346,-6.345,TT,Yes,large,chr15_41229800,TT
Komondor,50,70,NA,47.497,19.164,TT,No,large,chr15_41216098,TC
Komondor,50,70,NA,47.497,19.164,TT,No,large,chr15_41216597,AG
Komondor,50,70,NA,47.497,19.164,TT,No,large,chr15_41217964,AA
Komondor,50,70,NA,47.497,19.164,TT,No,large,chr15_41217985,CT
Komondor,50,70,NA,47.497,19.164,TT,No,large,chr15_41219654,TT
Komondor,50,70,NA,47.497,19.164,TT,No,large,chr15_41221438,AG
Komondor,50,70,NA,47.497,19.164,TT,No,large,chr15_41227725,AG
Komondor,50,70,NA,47.497,19.164,TT,No,large,chr15_41228068,AG
Komondor,50,70,NA,47.497,19.164,TT,No,large,chr15_41229597,GA
Komondor,50,70,NA,47.497,19.164,TT,No,large,chr15_41229800,CT
Landseer,56.5,73.5,M,NA,NA,TT,Yes,large,chr15_41216098,TC
Landseer,56.5,73.5,M,NA,NA,TT,Yes,large,chr15_41216597,AG
Landseer,56.5,73.5,M,NA,NA,TT,Yes,large,chr15_41217964,AC
Landseer,56.5,73.5,M,NA,NA,TT,Yes,large,chr15_41217985,CT
Landseer,56.5,73.5,M,NA,NA,TT,Yes,large,chr15_41219654,TT
Landseer,56.5,73.5,M,NA,NA,TT,Yes,large,chr15_41221438,AG
Landseer,56.5,73.5,M,NA,NA,TT,Yes,large,chr15_41227725,AA
Landseer,56.5,73.5,M,NA,NA,TT,Yes,large,chr15_41228068,AG
Landseer,56.5,73.5,M,NA,NA,TT,Yes,large,chr15_41229597,GA
Landseer,56.5,73.5,M,NA,NA,TT,Yes,large,chr15_41229800,CT
Leonberger,59,72.5,F,48.796045,9.009571,TT,No,large,chr15_41216098,TT
Leonberger,59,72.5,F,48.796045,9.009571,TT,No,large,chr15_41216597,AA
Leonberger,59,72.5,F,48.796045,9.009571,TT,No,large,chr15_41217964,AA
Leonberger,59,72.5,F,48.796045,9.009571,TT,No,large,chr15_41217985,CC
Leonberger,59,72.5,F,48.796045,9.009571,TT,No,large,chr15_41219654,TT
Leonberger,59,72.5,F,48.796045,9.009571,TT,No,large,chr15_41221438,AA
Leonberger,59,72.5,F,48.796045,9.009571,TT,No,large,chr15_41227725,AA
Leonberger,59,72.5,F,48.796045,9.009571,TT,No,large,chr15_41228068,AA
Leonberger,59,72.5,F,48.796045,9.009571,TT,No,large,chr15_41229597,GA
Leonberger,59,72.5,F,48.796045,9.009571,TT,No,large,chr15_41229800,CT
Leonberger,59,72.5,NA,48.796045,9.009571,TT,No,large,chr15_41216098,CC
Leonberger,59,72.5,NA,48.796045,9.009571,TT,No,large,chr15_41216597,GG
Leonberger,59,72.5,NA,48.796045,9.009571,TT,No,large,chr15_41217964,NA
Leonberger,59,72.5,NA,48.796045,9.009571,TT,No,large,chr15_41217985,TT
Leonberger,59,72.5,NA,48.796045,9.009571,TT,No,large,chr15_41219654,TT
Leonberger,59,72.5,NA,48.796045,9.009571,TT,No,large,chr15_41221438,GG
Leonberger,59,72.5,NA,48.796045,9.009571,TT,No,large,chr15_41227725,GG
Leonberger,59,72.5,NA,48.796045,9.009571,TT,No,large,chr15_41228068,GG
Leonberger,59,72.5,NA,48.796045,9.009571,TT,No,large,chr15_41229597,AA
Leonberger,59,72.5,NA,48.796045,9.009571,TT,No,large,chr15_41229800,TT
Leonberger,59,72.5,NA,48.796045,9.009571,TT,No,large,chr15_41216098,CC
Leonberger,59,72.5,NA,48.796045,9.009571,TT,No,large,chr15_41216597,GG
Leonberger,59,72.5,NA,48.796045,9.009571,TT,No,large,chr15_41217964,CC
Leonberger,59,72.5,NA,48.796045,9.009571,TT,No,large,chr15_41217985,TT
Leonberger,59,72.5,NA,48.796045,9.009571,TT,No,large,chr15_41219654,TT
Leonberger,59,72.5,NA,48.796045,9.009571,TT,No,large,chr15_41221438,GG
Leonberger,59,72.5,NA,48.796045,9.009571,TT,No,large,chr15_41227725,GG
Leonberger,59,72.5,NA,48.796045,9.009571,TT,No,large,chr15_41228068,GG
Leonberger,59,72.5,NA,48.796045,9.009571,TT,No,large,chr15_41229597,AA
Leonberger,59,72.5,NA,48.796045,9.009571,TT,No,large,chr15_41229800,TT
Leonberger,59,72.5,NA,48.796045,9.009571,TT,No,large,chr15_41216098,CC
Leonberger,59,72.5,NA,48.796045,9.009571,TT,No,large,chr15_41216597,GG
Leonberger,59,72.5,NA,48.796045,9.009571,TT,No,large,chr15_41217964,CC
Leonberger,59,72.5,NA,48.796045,9.009571,TT,No,large,chr15_41217985,TT
Leonberger,59,72.5,NA,48.796045,9.009571,TT,No,large,chr15_41219654,TT
Leonberger,59,72.5,NA,48.796045,9.009571,TT,No,large,chr15_41221438,GG
Leonberger,59,72.5,NA,48.796045,9.009571,TT,No,large,chr15_41227725,GG
Leonberger,59,72.5,NA,48.796045,9.009571,TT,No,large,chr15_41228068,GG
Leonberger,59,72.5,NA,48.796045,9.009571,TT,No,large,chr15_41229597,AA
Leonberger,59,72.5,NA,48.796045,9.009571,TT,No,large,chr15_41229800,TT
Leonberger,59,72.5,NA,48.796045,9.009571,TT,No,large,chr15_41216098,CC
Leonberger,59,72.5,NA,48.796045,9.009571,TT,No,large,chr15_41216597,GG
Leonberger,59,72.5,NA,48.796045,9.009571,TT,No,large,chr15_41217964,CC
Leonberger,59,72.5,NA,48.796045,9.009571,TT,No,large,chr15_41217985,TT
Leonberger,59,72.5,NA,48.796045,9.009571,TT,No,large,chr15_41219654,TT
Leonberger,59,72.5,NA,48.796045,9.009571,TT,No,large,chr15_41221438,GG
Leonberger,59,72.5,NA,48.796045,9.009571,TT,No,large,chr15_41227725,GG
Leonberger,59,72.5,NA,48.796045,9.009571,TT,No,large,chr15_41228068,GG
Leonberger,59,72.5,NA,48.796045,9.009571,TT,No,large,chr15_41229597,AA
Leonberger,59,72.5,NA,48.796045,9.009571,TT,No,large,chr15_41229800,TT
Leonberger,59,72.5,NA,48.796045,9.009571,TT,No,large,chr15_41216098,CC
Leonberger,59,72.5,NA,48.796045,9.009571,TT,No,large,chr15_41216597,GG
Leonberger,59,72.5,NA,48.796045,9.009571,TT,No,large,chr15_41217964,NA
Leonberger,59,72.5,NA,48.796045,9.009571,TT,No,large,chr15_41217985,TT
Leonberger,59,72.5,NA,48.796045,9.009571,TT,No,large,chr15_41219654,TT
Leonberger,59,72.5,NA,48.796045,9.009571,TT,No,large,chr15_41221438,GG
Leonberger,59,72.5,NA,48.796045,9.009571,TT,No,large,chr15_41227725,GG
Leonberger,59,72.5,NA,48.796045,9.009571,TT,No,large,chr15_41228068,GG
Leonberger,59,72.5,NA,48.796045,9.009571,TT,No,large,chr15_41229597,AA
Leonberger,59,72.5,NA,48.796045,9.009571,TT,No,large,chr15_41229800,TT
Leonberger,59,72.5,NA,48.796045,9.009571,TT,No,large,chr15_41216098,CC
Leonberger,59,72.5,NA,48.796045,9.009571,TT,No,large,chr15_41216597,GG
Leonberger,59,72.5,NA,48.796045,9.009571,TT,No,large,chr15_41217964,CC
Leonberger,59,72.5,NA,48.796045,9.009571,TT,No,large,chr15_41217985,TT
Leonberger,59,72.5,NA,48.796045,9.009571,TT,No,large,chr15_41219654,TT
Leonberger,59,72.5,NA,48.796045,9.009571,TT,No,large,chr15_41221438,GG
Leonberger,59,72.5,NA,48.796045,9.009571,TT,No,large,chr15_41227725,GG
Leonberger,59,72.5,NA,48.796045,9.009571,TT,No,large,chr15_41228068,GG
Leonberger,59,72.5,NA,48.796045,9.009571,TT,No,large,chr15_41229597,AA
Leonberger,59,72.5,NA,48.796045,9.009571,TT,No,large,chr15_41229800,TT
Leonberger,59,72.5,NA,48.796045,9.009571,TT,No,large,chr15_41216098,CC
Leonberger,59,72.5,NA,48.796045,9.009571,TT,No,large,chr15_41216597,GG
Leonberger,59,72.5,NA,48.796045,9.009571,TT,No,large,chr15_41217964,CC
Leonberger,59,72.5,NA,48.796045,9.009571,TT,No,large,chr15_41217985,TT
Leonberger,59,72.5,NA,48.796045,9.009571,TT,No,large,chr15_41219654,TT
Leonberger,59,72.5,NA,48.796045,9.009571,TT,No,large,chr15_41221438,GG
Leonberger,59,72.5,NA,48.796045,9.009571,TT,No,large,chr15_41227725,GG
Leonberger,59,72.5,NA,48.796045,9.009571,TT,No,large,chr15_41228068,GG
Leonberger,59,72.5,NA,48.796045,9.009571,TT,No,large,chr15_41229597,AA
Leonberger,59,72.5,NA,48.796045,9.009571,TT,No,large,chr15_41229800,TT
Leonberger,59,72.5,NA,48.796045,9.009571,TT,No,large,chr15_41216098,CC
Leonberger,59,72.5,NA,48.796045,9.009571,TT,No,large,chr15_41216597,GG
Leonberger,59,72.5,NA,48.796045,9.009571,TT,No,large,chr15_41217964,CC
Leonberger,59,72.5,NA,48.796045,9.009571,TT,No,large,chr15_41217985,TT
Leonberger,59,72.5,NA,48.796045,9.009571,TT,No,large,chr15_41219654,TT
Leonberger,59,72.5,NA,48.796045,9.009571,TT,No,large,chr15_41221438,GG
Leonberger,59,72.5,NA,48.796045,9.009571,TT,No,large,chr15_41227725,GG
Leonberger,59,72.5,NA,48.796045,9.009571,TT,No,large,chr15_41228068,GG
Leonberger,59,72.5,NA,48.796045,9.009571,TT,No,large,chr15_41229597,AA
Leonberger,59,72.5,NA,48.796045,9.009571,TT,No,large,chr15_41229800,TT
Leonberger,59,72.5,NA,48.796045,9.009571,TT,No,large,chr15_41216098,CC
Leonberger,59,72.5,NA,48.796045,9.009571,TT,No,large,chr15_41216597,GG
Leonberger,59,72.5,NA,48.796045,9.009571,TT,No,large,chr15_41217964,CC
Leonberger,59,72.5,NA,48.796045,9.009571,TT,No,large,chr15_41217985,TT
Leonberger,59,72.5,NA,48.796045,9.009571,TT,No,large,chr15_41219654,TT
Leonberger,59,72.5,NA,48.796045,9.009571,TT,No,large,chr15_41221438,GG
Leonberger,59,72.5,NA,48.796045,9.009571,TT,No,large,chr15_41227725,GG
Leonberger,59,72.5,NA,48.796045,9.009571,TT,No,large,chr15_41228068,GG
Leonberger,59,72.5,NA,48.796045,9.009571,TT,No,large,chr15_41229597,AA
Leonberger,59,72.5,NA,48.796045,9.009571,TT,No,large,chr15_41229800,TT
Leonberger,59,72.5,NA,48.796045,9.009571,TT,No,large,chr15_41216098,CC
Leonberger,59,72.5,NA,48.796045,9.009571,TT,No,large,chr15_41216597,GG
Leonberger,59,72.5,NA,48.796045,9.009571,TT,No,large,chr15_41217964,CC
Leonberger,59,72.5,NA,48.796045,9.009571,TT,No,large,chr15_41217985,TT
Leonberger,59,72.5,NA,48.796045,9.009571,TT,No,large,chr15_41219654,TT
Leonberger,59,72.5,NA,48.796045,9.009571,TT,No,large,chr15_41221438,GG
Leonberger,59,72.5,NA,48.796045,9.009571,TT,No,large,chr15_41227725,GG
Leonberger,59,72.5,NA,48.796045,9.009571,TT,No,large,chr15_41228068,GG
Leonberger,59,72.5,NA,48.796045,9.009571,TT,No,large,chr15_41229597,AA
Leonberger,59,72.5,NA,48.796045,9.009571,TT,No,large,chr15_41229800,TT
Leonberger,59,72.5,NA,48.796045,9.009571,TT,No,large,chr15_41216098,CC
Leonberger,59,72.5,NA,48.796045,9.009571,TT,No,large,chr15_41216597,GG
Leonberger,59,72.5,NA,48.796045,9.009571,TT,No,large,chr15_41217964,CC
Leonberger,59,72.5,NA,48.796045,9.009571,TT,No,large,chr15_41217985,TT
Leonberger,59,72.5,NA,48.796045,9.009571,TT,No,large,chr15_41219654,TT
Leonberger,59,72.5,NA,48.796045,9.009571,TT,No,large,chr15_41221438,GG
Leonberger,59,72.5,NA,48.796045,9.009571,TT,No,large,chr15_41227725,GG
Leonberger,59,72.5,NA,48.796045,9.009571,TT,No,large,chr15_41228068,GG
Leonberger,59,72.5,NA,48.796045,9.009571,TT,No,large,chr15_41229597,AA
Leonberger,59,72.5,NA,48.796045,9.009571,TT,No,large,chr15_41229800,TT
Leonberger,59,72.5,NA,48.796045,9.009571,TT,No,large,chr15_41216098,CC
Leonberger,59,72.5,NA,48.796045,9.009571,TT,No,large,chr15_41216597,GG
Leonberger,59,72.5,NA,48.796045,9.009571,TT,No,large,chr15_41217964,CC
Leonberger,59,72.5,NA,48.796045,9.009571,TT,No,large,chr15_41217985,TT
Leonberger,59,72.5,NA,48.796045,9.009571,TT,No,large,chr15_41219654,TT
Leonberger,59,72.5,NA,48.796045,9.009571,TT,No,large,chr15_41221438,GG
Leonberger,59,72.5,NA,48.796045,9.009571,TT,No,large,chr15_41227725,GG
Leonberger,59,72.5,NA,48.796045,9.009571,TT,No,large,chr15_41228068,GG
Leonberger,59,72.5,NA,48.796045,9.009571,TT,No,large,chr15_41229597,AA
Leonberger,59,72.5,NA,48.796045,9.009571,TT,No,large,chr15_41229800,TT
Leonberger,59,72.5,NA,48.796045,9.009571,TT,No,large,chr15_41216098,CC
Leonberger,59,72.5,NA,48.796045,9.009571,TT,No,large,chr15_41216597,GG
Leonberger,59,72.5,NA,48.796045,9.009571,TT,No,large,chr15_41217964,CC
Leonberger,59,72.5,NA,48.796045,9.009571,TT,No,large,chr15_41217985,TT
Leonberger,59,72.5,NA,48.796045,9.009571,TT,No,large,chr15_41219654,TT
Leonberger,59,72.5,NA,48.796045,9.009571,TT,No,large,chr15_41221438,GG
Leonberger,59,72.5,NA,48.796045,9.009571,TT,No,large,chr15_41227725,GG
Leonberger,59,72.5,NA,48.796045,9.009571,TT,No,large,chr15_41228068,GG
Leonberger,59,72.5,NA,48.796045,9.009571,TT,No,large,chr15_41229597,AA
Leonberger,59,72.5,NA,48.796045,9.009571,TT,No,large,chr15_41229800,TT
Leonberger,59,72.5,NA,48.796045,9.009571,TT,No,large,chr15_41216098,CC
Leonberger,59,72.5,NA,48.796045,9.009571,TT,No,large,chr15_41216597,GG
Leonberger,59,72.5,NA,48.796045,9.009571,TT,No,large,chr15_41217964,CC
Leonberger,59,72.5,NA,48.796045,9.009571,TT,No,large,chr15_41217985,TT
Leonberger,59,72.5,NA,48.796045,9.009571,TT,No,large,chr15_41219654,TT
Leonberger,59,72.5,NA,48.796045,9.009571,TT,No,large,chr15_41221438,GG
Leonberger,59,72.5,NA,48.796045,9.009571,TT,No,large,chr15_41227725,GG
Leonberger,59,72.5,NA,48.796045,9.009571,TT,No,large,chr15_41228068,GG
Leonberger,59,72.5,NA,48.796045,9.009571,TT,No,large,chr15_41229597,AA
Leonberger,59,72.5,NA,48.796045,9.009571,TT,No,large,chr15_41229800,TT
Leonberger,59,72.5,NA,48.796045,9.009571,TT,No,large,chr15_41216098,CC
Leonberger,59,72.5,NA,48.796045,9.009571,TT,No,large,chr15_41216597,GG
Leonberger,59,72.5,NA,48.796045,9.009571,TT,No,large,chr15_41217964,CC
Leonberger,59,72.5,NA,48.796045,9.009571,TT,No,large,chr15_41217985,TT
Leonberger,59,72.5,NA,48.796045,9.009571,TT,No,large,chr15_41219654,TT
Leonberger,59,72.5,NA,48.796045,9.009571,TT,No,large,chr15_41221438,GG
Leonberger,59,72.5,NA,48.796045,9.009571,TT,No,large,chr15_41227725,GG
Leonberger,59,72.5,NA,48.796045,9.009571,TT,No,large,chr15_41228068,GG
Leonberger,59,72.5,NA,48.796045,9.009571,TT,No,large,chr15_41229597,AA
Leonberger,59,72.5,NA,48.796045,9.009571,TT,No,large,chr15_41229800,TT
Leonberger,59,72.5,NA,48.796045,9.009571,TT,No,large,chr15_41216098,CC
Leonberger,59,72.5,NA,48.796045,9.009571,TT,No,large,chr15_41216597,GG
Leonberger,59,72.5,NA,48.796045,9.009571,TT,No,large,chr15_41217964,CC
Leonberger,59,72.5,NA,48.796045,9.009571,TT,No,large,chr15_41217985,TT
Leonberger,59,72.5,NA,48.796045,9.009571,TT,No,large,chr15_41219654,TT
Leonberger,59,72.5,NA,48.796045,9.009571,TT,No,large,chr15_41221438,GG
Leonberger,59,72.5,NA,48.796045,9.009571,TT,No,large,chr15_41227725,GG
Leonberger,59,72.5,NA,48.796045,9.009571,TT,No,large,chr15_41228068,GG
Leonberger,59,72.5,NA,48.796045,9.009571,TT,No,large,chr15_41229597,AA
Leonberger,59,72.5,NA,48.796045,9.009571,TT,No,large,chr15_41229800,TT
Leonberger,59,72.5,NA,48.796045,9.009571,TT,No,large,chr15_41216098,CC
Leonberger,59,72.5,NA,48.796045,9.009571,TT,No,large,chr15_41216597,GG
Leonberger,59,72.5,NA,48.796045,9.009571,TT,No,large,chr15_41217964,CC
Leonberger,59,72.5,NA,48.796045,9.009571,TT,No,large,chr15_41217985,TT
Leonberger,59,72.5,NA,48.796045,9.009571,TT,No,large,chr15_41219654,TT
Leonberger,59,72.5,NA,48.796045,9.009571,TT,No,large,chr15_41221438,GG
Leonberger,59,72.5,NA,48.796045,9.009571,TT,No,large,chr15_41227725,GG
Leonberger,59,72.5,NA,48.796045,9.009571,TT,No,large,chr15_41228068,GG
Leonberger,59,72.5,NA,48.796045,9.009571,TT,No,large,chr15_41229597,AA
Leonberger,59,72.5,NA,48.796045,9.009571,TT,No,large,chr15_41229800,TT
Leonberger,59,72.5,NA,48.796045,9.009571,TT,No,large,chr15_41216098,CC
Leonberger,59,72.5,NA,48.796045,9.009571,TT,No,large,chr15_41216597,GG
Leonberger,59,72.5,NA,48.796045,9.009571,TT,No,large,chr15_41217964,CC
Leonberger,59,72.5,NA,48.796045,9.009571,TT,No,large,chr15_41217985,TT
Leonberger,59,72.5,NA,48.796045,9.009571,TT,No,large,chr15_41219654,TT
Leonberger,59,72.5,NA,48.796045,9.009571,TT,No,large,chr15_41221438,GG
Leonberger,59,72.5,NA,48.796045,9.009571,TT,No,large,chr15_41227725,GG
Leonberger,59,72.5,NA,48.796045,9.009571,TT,No,large,chr15_41228068,GG
Leonberger,59,72.5,NA,48.796045,9.009571,TT,No,large,chr15_41229597,AA
Leonberger,59,72.5,NA,48.796045,9.009571,TT,No,large,chr15_41229800,TT
Leonberger,59,72.5,NA,48.796045,9.009571,TT,No,large,chr15_41216098,CC
Leonberger,59,72.5,NA,48.796045,9.009571,TT,No,large,chr15_41216597,GG
Leonberger,59,72.5,NA,48.796045,9.009571,TT,No,large,chr15_41217964,CC
Leonberger,59,72.5,NA,48.796045,9.009571,TT,No,large,chr15_41217985,TT
Leonberger,59,72.5,NA,48.796045,9.009571,TT,No,large,chr15_41219654,TT
Leonberger,59,72.5,NA,48.796045,9.009571,TT,No,large,chr15_41221438,GG
Leonberger,59,72.5,NA,48.796045,9.009571,TT,No,large,chr15_41227725,GG
Leonberger,59,72.5,NA,48.796045,9.009571,TT,No,large,chr15_41228068,GG
Leonberger,59,72.5,NA,48.796045,9.009571,TT,No,large,chr15_41229597,AA
Leonberger,59,72.5,NA,48.796045,9.009571,TT,No,large,chr15_41229800,TT
Leonberger,59,72.5,NA,48.796045,9.009571,TT,No,large,chr15_41216098,CC
Leonberger,59,72.5,NA,48.796045,9.009571,TT,No,large,chr15_41216597,GG
Leonberger,59,72.5,NA,48.796045,9.009571,TT,No,large,chr15_41217964,CC
Leonberger,59,72.5,NA,48.796045,9.009571,TT,No,large,chr15_41217985,TT
Leonberger,59,72.5,NA,48.796045,9.009571,TT,No,large,chr15_41219654,TT
Leonberger,59,72.5,NA,48.796045,9.009571,TT,No,large,chr15_41221438,GG
Leonberger,59,72.5,NA,48.796045,9.009571,TT,No,large,chr15_41227725,GG
Leonberger,59,72.5,NA,48.796045,9.009571,TT,No,large,chr15_41228068,GG
Leonberger,59,72.5,NA,48.796045,9.009571,TT,No,large,chr15_41229597,AA
Leonberger,59,72.5,NA,48.796045,9.009571,TT,No,large,chr15_41229800,TT
Leonberger,59,72.5,F,48.796045,9.009571,TT,Yes,large,chr15_41216098,CC
Leonberger,59,72.5,F,48.796045,9.009571,TT,Yes,large,chr15_41216597,GG
Leonberger,59,72.5,F,48.796045,9.009571,TT,Yes,large,chr15_41217964,CC
Leonberger,59,72.5,F,48.796045,9.009571,TT,Yes,large,chr15_41217985,TT
Leonberger,59,72.5,F,48.796045,9.009571,TT,Yes,large,chr15_41219654,TT
Leonberger,59,72.5,F,48.796045,9.009571,TT,Yes,large,chr15_41221438,GG
Leonberger,59,72.5,F,48.796045,9.009571,TT,Yes,large,chr15_41227725,GG
Leonberger,59,72.5,F,48.796045,9.009571,TT,Yes,large,chr15_41228068,GG
Leonberger,59,72.5,F,48.796045,9.009571,TT,Yes,large,chr15_41229597,AA
Leonberger,59,72.5,F,48.796045,9.009571,TT,Yes,large,chr15_41229800,TT
Leonberger,59,72.5,F,48.796045,9.009571,TT,Yes,large,chr15_41216098,CC
Leonberger,59,72.5,F,48.796045,9.009571,TT,Yes,large,chr15_41216597,GG
Leonberger,59,72.5,F,48.796045,9.009571,TT,Yes,large,chr15_41217964,CC
Leonberger,59,72.5,F,48.796045,9.009571,TT,Yes,large,chr15_41217985,TT
Leonberger,59,72.5,F,48.796045,9.009571,TT,Yes,large,chr15_41219654,TT
Leonberger,59,72.5,F,48.796045,9.009571,TT,Yes,large,chr15_41221438,GG
Leonberger,59,72.5,F,48.796045,9.009571,TT,Yes,large,chr15_41227725,GG
Leonberger,59,72.5,F,48.796045,9.009571,TT,Yes,large,chr15_41228068,GG
Leonberger,59,72.5,F,48.796045,9.009571,TT,Yes,large,chr15_41229597,AA
Leonberger,59,72.5,F,48.796045,9.009571,TT,Yes,large,chr15_41229800,TT
Pekingese,4.1,19,F,39.916,116.398,CC,Yes,small,chr15_41216098,TT
Pekingese,4.1,19,F,39.916,116.398,CC,Yes,small,chr15_41216597,AA
Pekingese,4.1,19,F,39.916,116.398,CC,Yes,small,chr15_41217964,AA
Pekingese,4.1,19,F,39.916,116.398,CC,Yes,small,chr15_41217985,CC
Pekingese,4.1,19,F,39.916,116.398,CC,Yes,small,chr15_41219654,CC
Pekingese,4.1,19,F,39.916,116.398,CC,Yes,small,chr15_41221438,AA
Pekingese,4.1,19,F,39.916,116.398,CC,Yes,small,chr15_41227725,AA
Pekingese,4.1,19,F,39.916,116.398,CC,Yes,small,chr15_41228068,AA
Pekingese,4.1,19,F,39.916,116.398,CC,Yes,small,chr15_41229597,GG
Pekingese,4.1,19,F,39.916,116.398,CC,Yes,small,chr15_41229800,CC
Pomeranian,2.7,20,M,53.415,14.57,CC,Yes,small,chr15_41216098,CC
Pomeranian,2.7,20,M,53.415,14.57,CC,Yes,small,chr15_41216597,GG
Pomeranian,2.7,20,M,53.415,14.57,CC,Yes,small,chr15_41217964,CC
Pomeranian,2.7,20,M,53.415,14.57,CC,Yes,small,chr15_41217985,TT
Pomeranian,2.7,20,M,53.415,14.57,CC,Yes,small,chr15_41219654,CC
Pomeranian,2.7,20,M,53.415,14.57,CC,Yes,small,chr15_41221438,GG
Pomeranian,2.7,20,M,53.415,14.57,CC,Yes,small,chr15_41227725,GG
Pomeranian,2.7,20,M,53.415,14.57,CC,Yes,small,chr15_41228068,GG
Pomeranian,2.7,20,M,53.415,14.57,CC,Yes,small,chr15_41229597,AA
Pomeranian,2.7,20,M,53.415,14.57,CC,Yes,small,chr15_41229800,TT
Pomeranian,2.7,20,M,53.415,14.57,CC,Yes,small,chr15_41216098,TT
Pomeranian,2.7,20,M,53.415,14.57,CC,Yes,small,chr15_41216597,AA
Pomeranian,2.7,20,M,53.415,14.57,CC,Yes,small,chr15_41217964,AA
Pomeranian,2.7,20,M,53.415,14.57,CC,Yes,small,chr15_41217985,CC
Pomeranian,2.7,20,M,53.415,14.57,CC,Yes,small,chr15_41219654,CC
Pomeranian,2.7,20,M,53.415,14.57,CC,Yes,small,chr15_41221438,AA
Pomeranian,2.7,20,M,53.415,14.57,CC,Yes,small,chr15_41227725,AA
Pomeranian,2.7,20,M,53.415,14.57,CC,Yes,small,chr15_41228068,AA
Pomeranian,2.7,20,M,53.415,14.57,CC,Yes,small,chr15_41229597,GG
Pomeranian,2.7,20,M,53.415,14.57,CC,Yes,small,chr15_41229800,CC
Pomeranian,2.7,20,NA,53.415,14.57,CC,No,small,chr15_41216098,TT
Pomeranian,2.7,20,NA,53.415,14.57,CC,No,small,chr15_41216597,AA
Pomeranian,2.7,20,NA,53.415,14.57,CC,No,small,chr15_41217964,AA
Pomeranian,2.7,20,NA,53.415,14.57,CC,No,small,chr15_41217985,CC
Pomeranian,2.7,20,NA,53.415,14.57,CC,No,small,chr15_41219654,CC
Pomeranian,2.7,20,NA,53.415,14.57,CC,No,small,chr15_41221438,AA
Pomeranian,2.7,20,NA,53.415,14.57,CC,No,small,chr15_41227725,AA
Pomeranian,2.7,20,NA,53.415,14.57,CC,No,small,chr15_41228068,AA
Pomeranian,2.7,20,NA,53.415,14.57,CC,No,small,chr15_41229597,GG
Pomeranian,2.7,20,NA,53.415,14.57,CC,No,small,chr15_41229800,CC
ScottishDeerhound,41.4,74.9,M,55.951,-3.186,TT,Yes,large,chr15_41216098,TT
ScottishDeerhound,41.4,74.9,M,55.951,-3.186,TT,Yes,large,chr15_41216597,AA
ScottishDeerhound,41.4,74.9,M,55.951,-3.186,TT,Yes,large,chr15_41217964,AA
ScottishDeerhound,41.4,74.9,M,55.951,-3.186,TT,Yes,large,chr15_41217985,CC
ScottishDeerhound,41.4,74.9,M,55.951,-3.186,TT,Yes,large,chr15_41219654,TT
ScottishDeerhound,41.4,74.9,M,55.951,-3.186,TT,Yes,large,chr15_41221438,AA
ScottishDeerhound,41.4,74.9,M,55.951,-3.186,TT,Yes,large,chr15_41227725,AA
ScottishDeerhound,41.4,74.9,M,55.951,-3.186,TT,Yes,large,chr15_41228068,AA
ScottishDeerhound,41.4,74.9,M,55.951,-3.186,TT,Yes,large,chr15_41229597,GG
ScottishDeerhound,41.4,74.9,M,55.951,-3.186,TT,Yes,large,chr15_41229800,CC
ScottishDeerhound,41.4,74.9,F,55.951,-3.186,TT,No,large,chr15_41216098,CC
ScottishDeerhound,41.4,74.9,F,55.951,-3.186,TT,No,large,chr15_41216597,GG
ScottishDeerhound,41.4,74.9,F,55.951,-3.186,TT,No,large,chr15_41217964,CC
ScottishDeerhound,41.4,74.9,F,55.951,-3.186,TT,No,large,chr15_41217985,TT
ScottishDeerhound,41.4,74.9,F,55.951,-3.186,TT,No,large,chr15_41219654,TT
ScottishDeerhound,41.4,74.9,F,55.951,-3.186,TT,No,large,chr15_41221438,GG
ScottishDeerhound,41.4,74.9,F,55.951,-3.186,TT,No,large,chr15_41227725,GG
ScottishDeerhound,41.4,74.9,F,55.951,-3.186,TT,No,large,chr15_41228068,GG
ScottishDeerhound,41.4,74.9,F,55.951,-3.186,TT,No,large,chr15_41229597,AA
ScottishDeerhound,41.4,74.9,F,55.951,-3.186,TT,No,large,chr15_41229800,TT
ScottishDeerhound,41.4,74.9,NA,55.951,-3.186,TT,No,large,chr15_41216098,CC
ScottishDeerhound,41.4,74.9,NA,55.951,-3.186,TT,No,large,chr15_41216597,GG
ScottishDeerhound,41.4,74.9,NA,55.951,-3.186,TT,No,large,chr15_41217964,CC
ScottishDeerhound,41.4,74.9,NA,55.951,-3.186,TT,No,large,chr15_41217985,TT
ScottishDeerhound,41.4,74.9,NA,55.951,-3.186,TT,No,large,chr15_41219654,TT
ScottishDeerhound,41.4,74.9,NA,55.951,-3.186,TT,No,large,chr15_41221438,GG
ScottishDeerhound,41.4,74.9,NA,55.951,-3.186,TT,No,large,chr15_41227725,GG
ScottishDeerhound,41.4,74.9,NA,55.951,-3.186,TT,No,large,chr15_41228068,GG
ScottishDeerhound,41.4,74.9,NA,55.951,-3.186,TT,No,large,chr15_41229597,AA
ScottishDeerhound,41.4,74.9,NA,55.951,-3.186,TT,No,large,chr15_41229800,TT
ScottishDeerhound,41.4,74.9,NA,55.951,-3.186,TT,No,large,chr15_41216098,CC
ScottishDeerhound,41.4,74.9,NA,55.951,-3.186,TT,No,large,chr15_41216597,GG
ScottishDeerhound,41.4,74.9,NA,55.951,-3.186,TT,No,large,chr15_41217964,CC
ScottishDeerhound,41.4,74.9,NA,55.951,-3.186,TT,No,large,chr15_41217985,TT
ScottishDeerhound,41.4,74.9,NA,55.951,-3.186,TT,No,large,chr15_41219654,TT
ScottishDeerhound,41.4,74.9,NA,55.951,-3.186,TT,No,large,chr15_41221438,GG
ScottishDeerhound,41.4,74.9,NA,55.951,-3.186,TT,No,large,chr15_41227725,GG
ScottishDeerhound,41.4,74.9,NA,55.951,-3.186,TT,No,large,chr15_41228068,GG
ScottishDeerhound,41.4,74.9,NA,55.951,-3.186,TT,No,large,chr15_41229597,AA
ScottishDeerhound,41.4,74.9,NA,55.951,-3.186,TT,No,large,chr15_41229800,TT
ScottishDeerhound,41.4,74.9,NA,55.951,-3.186,TT,No,large,chr15_41216098,CC
ScottishDeerhound,41.4,74.9,NA,55.951,-3.186,TT,No,large,chr15_41216597,GG
ScottishDeerhound,41.4,74.9,NA,55.951,-3.186,TT,No,large,chr15_41217964,CC
ScottishDeerhound,41.4,74.9,NA,55.951,-3.186,TT,No,large,chr15_41217985,TT
ScottishDeerhound,41.4,74.9,NA,55.951,-3.186,TT,No,large,chr15_41219654,TT
ScottishDeerhound,41.4,74.9,NA,55.951,-3.186,TT,No,large,chr15_41221438,GG
ScottishDeerhound,41.4,74.9,NA,55.951,-3.186,TT,No,large,chr15_41227725,GG
ScottishDeerhound,41.4,74.9,NA,55.951,-3.186,TT,No,large,chr15_41228068,GG
ScottishDeerhound,41.4,74.9,NA,55.951,-3.186,TT,No,large,chr15_41229597,AA
ScottishDeerhound,41.4,74.9,NA,55.951,-3.186,TT,No,large,chr15_41229800,TT
ScottishDeerhound,41.4,74.9,F,55.951,-3.186,TT,No,large,chr15_41216098,CC
ScottishDeerhound,41.4,74.9,F,55.951,-3.186,TT,No,large,chr15_41216597,GG
ScottishDeerhound,41.4,74.9,F,55.951,-3.186,TT,No,large,chr15_41217964,CC
ScottishDeerhound,41.4,74.9,F,55.951,-3.186,TT,No,large,chr15_41217985,TT
ScottishDeerhound,41.4,74.9,F,55.951,-3.186,TT,No,large,chr15_41219654,TT
ScottishDeerhound,41.4,74.9,F,55.951,-3.186,TT,No,large,chr15_41221438,GG
ScottishDeerhound,41.4,74.9,F,55.951,-3.186,TT,No,large,chr15_41227725,GG
ScottishDeerhound,41.4,74.9,F,55.951,-3.186,TT,No,large,chr15_41228068,GG
ScottishDeerhound,41.4,74.9,F,55.951,-3.186,TT,No,large,chr15_41229597,AA
ScottishDeerhound,41.4,74.9,F,55.951,-3.186,TT,No,large,chr15_41229800,TT
ScottishDeerhound,41.4,74.9,F,55.951,-3.186,TT,No,large,chr15_41216098,CC
ScottishDeerhound,41.4,74.9,F,55.951,-3.186,TT,No,large,chr15_41216597,GG
ScottishDeerhound,41.4,74.9,F,55.951,-3.186,TT,No,large,chr15_41217964,CC
ScottishDeerhound,41.4,74.9,F,55.951,-3.186,TT,No,large,chr15_41217985,TT
ScottishDeerhound,41.4,74.9,F,55.951,-3.186,TT,No,large,chr15_41219654,TT
ScottishDeerhound,41.4,74.9,F,55.951,-3.186,TT,No,large,chr15_41221438,GG
ScottishDeerhound,41.4,74.9,F,55.951,-3.186,TT,No,large,chr15_41227725,GG
ScottishDeerhound,41.4,74.9,F,55.951,-3.186,TT,No,large,chr15_41228068,GG
ScottishDeerhound,41.4,74.9,F,55.951,-3.186,TT,No,large,chr15_41229597,AA
ScottishDeerhound,41.4,74.9,F,55.951,-3.186,TT,No,large,chr15_41229800,TT
ScottishDeerhound,41.4,74.9,F,55.951,-3.186,TT,Yes,large,chr15_41216098,CC
ScottishDeerhound,41.4,74.9,F,55.951,-3.186,TT,Yes,large,chr15_41216597,GG
ScottishDeerhound,41.4,74.9,F,55.951,-3.186,TT,Yes,large,chr15_41217964,CC
ScottishDeerhound,41.4,74.9,F,55.951,-3.186,TT,Yes,large,chr15_41217985,TT
ScottishDeerhound,41.4,74.9,F,55.951,-3.186,TT,Yes,large,chr15_41219654,TT
ScottishDeerhound,41.4,74.9,F,55.951,-3.186,TT,Yes,large,chr15_41221438,GG
ScottishDeerhound,41.4,74.9,F,55.951,-3.186,TT,Yes,large,chr15_41227725,GG
ScottishDeerhound,41.4,74.9,F,55.951,-3.186,TT,Yes,large,chr15_41228068,GG
ScottishDeerhound,41.4,74.9,F,55.951,-3.186,TT,Yes,large,chr15_41229597,AA
ScottishDeerhound,41.4,74.9,F,55.951,-3.186,TT,Yes,large,chr15_41229800,TT
ScottishDeerhound,41.4,74.9,F,55.951,-3.186,TT,No,large,chr15_41216098,CC
ScottishDeerhound,41.4,74.9,F,55.951,-3.186,TT,No,large,chr15_41216597,GG
ScottishDeerhound,41.4,74.9,F,55.951,-3.186,TT,No,large,chr15_41217964,CC
ScottishDeerhound,41.4,74.9,F,55.951,-3.186,TT,No,large,chr15_41217985,TT
ScottishDeerhound,41.4,74.9,F,55.951,-3.186,TT,No,large,chr15_41219654,TT
ScottishDeerhound,41.4,74.9,F,55.951,-3.186,TT,No,large,chr15_41221438,GG
ScottishDeerhound,41.4,74.9,F,55.951,-3.186,TT,No,large,chr15_41227725,GG
ScottishDeerhound,41.4,74.9,F,55.951,-3.186,TT,No,large,chr15_41228068,GG
ScottishDeerhound,41.4,74.9,F,55.951,-3.186,TT,No,large,chr15_41229597,AA
ScottishDeerhound,41.4,74.9,F,55.951,-3.186,TT,No,large,chr15_41229800,TT
ScottishDeerhound,41.4,74.9,F,55.951,-3.186,TT,Yes,large,chr15_41216098,CC
ScottishDeerhound,41.4,74.9,F,55.951,-3.186,TT,Yes,large,chr15_41216597,GG
ScottishDeerhound,41.4,74.9,F,55.951,-3.186,TT,Yes,large,chr15_41217964,CC
ScottishDeerhound,41.4,74.9,F,55.951,-3.186,TT,Yes,large,chr15_41217985,TT
ScottishDeerhound,41.4,74.9,F,55.951,-3.186,TT,Yes,large,chr15_41219654,TT
ScottishDeerhound,41.4,74.9,F,55.951,-3.186,TT,Yes,large,chr15_41221438,GG
ScottishDeerhound,41.4,74.9,F,55.951,-3.186,TT,Yes,large,chr15_41227725,GG
ScottishDeerhound,41.4,74.9,F,55.951,-3.186,TT,Yes,large,chr15_41228068,GG
ScottishDeerhound,41.4,74.9,F,55.951,-3.186,TT,Yes,large,chr15_41229597,AA
ScottishDeerhound,41.4,74.9,F,55.951,-3.186,TT,Yes,large,chr15_41229800,TT
ScottishDeerhound,41.4,74.9,F,55.951,-3.186,TT,No,large,chr15_41216098,CC
ScottishDeerhound,41.4,74.9,F,55.951,-3.186,TT,No,large,chr15_41216597,GG
ScottishDeerhound,41.4,74.9,F,55.951,-3.186,TT,No,large,chr15_41217964,CC
ScottishDeerhound,41.4,74.9,F,55.951,-3.186,TT,No,large,chr15_41217985,TT
ScottishDeerhound,41.4,74.9,F,55.951,-3.186,TT,No,large,chr15_41219654,TT
ScottishDeerhound,41.4,74.9,F,55.951,-3.186,TT,No,large,chr15_41221438,GG
ScottishDeerhound,41.4,74.9,F,55.951,-3.186,TT,No,large,chr15_41227725,GG
ScottishDeerhound,41.4,74.9,F,55.951,-3.186,TT,No,large,chr15_41228068,GG
ScottishDeerhound,41.4,74.9,F,55.951,-3.186,TT,No,large,chr15_41229597,AA
ScottishDeerhound,41.4,74.9,F,55.951,-3.186,TT,No,large,chr15_41229800,TT
YorkshireTerrier,3.2,16.5,F,52.467,-1.917,CC,No,small,chr15_41216098,CC
YorkshireTerrier,3.2,16.5,F,52.467,-1.917,CC,No,small,chr15_41216597,GG
YorkshireTerrier,3.2,16.5,F,52.467,-1.917,CC,No,small,chr15_41217964,CC
YorkshireTerrier,3.2,16.5,F,52.467,-1.917,CC,No,small,chr15_41217985,TT
YorkshireTerrier,3.2,16.5,F,52.467,-1.917,CC,No,small,chr15_41219654,CC
YorkshireTerrier,3.2,16.5,F,52.467,-1.917,CC,No,small,chr15_41221438,GG
YorkshireTerrier,3.2,16.5,F,52.467,-1.917,CC,No,small,chr15_41227725,GG
YorkshireTerrier,3.2,16.5,F,52.467,-1.917,CC,No,small,chr15_41228068,GG
YorkshireTerrier,3.2,16.5,F,52.467,-1.917,CC,No,small,chr15_41229597,AA
YorkshireTerrier,3.2,16.5,F,52.467,-1.917,CC,No,small,chr15_41229800,TT
YorkshireTerrier,3.2,16.5,M,52.467,-1.917,CC,Yes,small,chr15_41216098,TT
YorkshireTerrier,3.2,16.5,M,52.467,-1.917,CC,Yes,small,chr15_41216597,AA
YorkshireTerrier,3.2,16.5,M,52.467,-1.917,CC,Yes,small,chr15_41217964,AA
YorkshireTerrier,3.2,16.5,M,52.467,-1.917,CC,Yes,small,chr15_41217985,CC
YorkshireTerrier,3.2,16.5,M,52.467,-1.917,CC,Yes,small,chr15_41219654,CC
YorkshireTerrier,3.2,16.5,M,52.467,-1.917,CC,Yes,small,chr15_41221438,AA
YorkshireTerrier,3.2,16.5,M,52.467,-1.917,CC,Yes,small,chr15_41227725,AG
YorkshireTerrier,3.2,16.5,M,52.467,-1.917,CC,Yes,small,chr15_41228068,AG
YorkshireTerrier,3.2,16.5,M,52.467,-1.917,CC,Yes,small,chr15_41229597,GA
YorkshireTerrier,3.2,16.5,M,52.467,-1.917,CC,Yes,small,chr15_41229800,CT
YorkshireTerrier,3.2,16.5,F,52.467,-1.917,CC,No,small,chr15_41216098,TT
YorkshireTerrier,3.2,16.5,F,52.467,-1.917,CC,No,small,chr15_41216597,AA
YorkshireTerrier,3.2,16.5,F,52.467,-1.917,CC,No,small,chr15_41217964,AA
YorkshireTerrier,3.2,16.5,F,52.467,-1.917,CC,No,small,chr15_41217985,CC
YorkshireTerrier,3.2,16.5,F,52.467,-1.917,CC,No,small,chr15_41219654,CC
YorkshireTerrier,3.2,16.5,F,52.467,-1.917,CC,No,small,chr15_41221438,AA
YorkshireTerrier,3.2,16.5,F,52.467,-1.917,CC,No,small,chr15_41227725,AG
YorkshireTerrier,3.2,16.5,F,52.467,-1.917,CC,No,small,chr15_41228068,AG
YorkshireTerrier,3.2,16.5,F,52.467,-1.917,CC,No,small,chr15_41229597,GA
YorkshireTerrier,3.2,16.5,F,52.467,-1.917,CC,No,small,chr15_41229800,CT
YorkshireTerrier,3.2,16.5,M,52.467,-1.917,CC,No,small,chr15_41216098,TT
YorkshireTerrier,3.2,16.5,M,52.467,-1.917,CC,No,small,chr15_41216597,AA
YorkshireTerrier,3.2,16.5,M,52.467,-1.917,CC,No,small,chr15_41217964,AA
YorkshireTerrier,3.2,16.5,M,52.467,-1.917,CC,No,small,chr15_41217985,CC
YorkshireTerrier,3.2,16.5,M,52.467,-1.917,CC,No,small,chr15_41219654,CC
YorkshireTerrier,3.2,16.5,M,52.467,-1.917,CC,No,small,chr15_41221438,AA
YorkshireTerrier,3.2,16.5,M,52.467,-1.917,CC,No,small,chr15_41227725,AA
YorkshireTerrier,3.2,16.5,M,52.467,-1.917,CC,No,small,chr15_41228068,AA
YorkshireTerrier,3.2,16.5,M,52.467,-1.917,CC,No,small,chr15_41229597,GG
YorkshireTerrier,3.2,16.5,M,52.467,-1.917,CC,No,small,chr15_41229800,CC
YorkshireTerrier,3.2,16.5,F,52.467,-1.917,CC,No,small,chr15_41216098,TT
YorkshireTerrier,3.2,16.5,F,52.467,-1.917,CC,No,small,chr15_41216597,AA
YorkshireTerrier,3.2,16.5,F,52.467,-1.917,CC,No,small,chr15_41217964,AA
YorkshireTerrier,3.2,16.5,F,52.467,-1.917,CC,No,small,chr15_41217985,CC
YorkshireTerrier,3.2,16.5,F,52.467,-1.917,CC,No,small,chr15_41219654,CC
YorkshireTerrier,3.2,16.5,F,52.467,-1.917,CC,No,small,chr15_41221438,AA
YorkshireTerrier,3.2,16.5,F,52.467,-1.917,CC,No,small,chr15_41227725,AA
YorkshireTerrier,3.2,16.5,F,52.467,-1.917,CC,No,small,chr15_41228068,AA
YorkshireTerrier,3.2,16.5,F,52.467,-1.917,CC,No,small,chr15_41229597,GG
YorkshireTerrier,3.2,16.5,F,52.467,-1.917,CC,No,small,chr15_41229800,CC
YorkshireTerrier,3.2,16.5,M,52.467,-1.917,CC,No,small,chr15_41216098,TT
YorkshireTerrier,3.2,16.5,M,52.467,-1.917,CC,No,small,chr15_41216597,AA
YorkshireTerrier,3.2,16.5,M,52.467,-1.917,CC,No,small,chr15_41217964,AA
YorkshireTerrier,3.2,16.5,M,52.467,-1.917,CC,No,small,chr15_41217985,CC
YorkshireTerrier,3.2,16.5,M,52.467,-1.917,CC,No,small,chr15_41219654,CC
YorkshireTerrier,3.2,16.5,M,52.467,-1.917,CC,No,small,chr15_41221438,AA
YorkshireTerrier,3.2,16.5,M,52.467,-1.917,CC,No,small,chr15_41227725,AA
YorkshireTerrier,3.2,16.5,M,52.467,-1.917,CC,No,small,chr15_41228068,AA
YorkshireTerrier,3.2,16.5,M,52.467,-1.917,CC,No,small,chr15_41229597,GG
YorkshireTerrier,3.2,16.5,M,52.467,-1.917,CC,No,small,chr15_41229800,CC
YorkshireTerrier,3.2,16.5,M,52.467,-1.917,CC,No,small,chr15_41216098,TT
YorkshireTerrier,3.2,16.5,M,52.467,-1.917,CC,No,small,chr15_41216597,AA
YorkshireTerrier,3.2,16.5,M,52.467,-1.917,CC,No,small,chr15_41217964,AA
YorkshireTerrier,3.2,16.5,M,52.467,-1.917,CC,No,small,chr15_41217985,CC
YorkshireTerrier,3.2,16.5,M,52.467,-1.917,CC,No,small,chr15_41219654,CC
YorkshireTerrier,3.2,16.5,M,52.467,-1.917,CC,No,small,chr15_41221438,AA
YorkshireTerrier,3.2,16.5,M,52.467,-1.917,CC,No,small,chr15_41227725,AA
YorkshireTerrier,3.2,16.5,M,52.467,-1.917,CC,No,small,chr15_41228068,AA
YorkshireTerrier,3.2,16.5,M,52.467,-1.917,CC,No,small,chr15_41229597,GG
YorkshireTerrier,3.2,16.5,M,52.467,-1.917,CC,No,small,chr15_41229800,CC
YorkshireTerrier,3.2,16.5,M,52.467,-1.917,CC,No,small,chr15_41216098,TT
YorkshireTerrier,3.2,16.5,M,52.467,-1.917,CC,No,small,chr15_41216597,AA
YorkshireTerrier,3.2,16.5,M,52.467,-1.917,CC,No,small,chr15_41217964,AA
YorkshireTerrier,3.2,16.5,M,52.467,-1.917,CC,No,small,chr15_41217985,CC
YorkshireTerrier,3.2,16.5,M,52.467,-1.917,CC,No,small,chr15_41219654,CC
YorkshireTerrier,3.2,16.5,M,52.467,-1.917,CC,No,small,chr15_41221438,AA
YorkshireTerrier,3.2,16.5,M,52.467,-1.917,CC,No,small,chr15_41227725,AA
YorkshireTerrier,3.2,16.5,M,52.467,-1.917,CC,No,small,chr15_41228068,AA
YorkshireTerrier,3.2,16.5,M,52.467,-1.917,CC,No,small,chr15_41229597,GG
YorkshireTerrier,3.2,16.5,M,52.467,-1.917,CC,No,small,chr15_41229800,CC
YorkshireTerrier,3.2,16.5,M,52.467,-1.917,CC,No,small,chr15_41216098,TT
YorkshireTerrier,3.2,16.5,M,52.467,-1.917,CC,No,small,chr15_41216597,AA
YorkshireTerrier,3.2,16.5,M,52.467,-1.917,CC,No,small,chr15_41217964,AA
YorkshireTerrier,3.2,16.5,M,52.467,-1.917,CC,No,small,chr15_41217985,CC
YorkshireTerrier,3.2,16.5,M,52.467,-1.917,CC,No,small,chr15_41219654,CC
YorkshireTerrier,3.2,16.5,M,52.467,-1.917,CC,No,small,chr15_41221438,AA
YorkshireTerrier,3.2,16.5,M,52.467,-1.917,CC,No,small,chr15_41227725,AA
YorkshireTerrier,3.2,16.5,M,52.467,-1.917,CC,No,small,chr15_41228068,AA
YorkshireTerrier,3.2,16.5,M,52.467,-1.917,CC,No,small,chr15_41229597,GG
YorkshireTerrier,3.2,16.5,M,52.467,-1.917,CC,No,small,chr15_41229800,CC
YorkshireTerrier,3.2,16.5,M,52.467,-1.917,CC,No,small,chr15_41216098,TT
YorkshireTerrier,3.2,16.5,M,52.467,-1.917,CC,No,small,chr15_41216597,AA
YorkshireTerrier,3.2,16.5,M,52.467,-1.917,CC,No,small,chr15_41217964,AA
YorkshireTerrier,3.2,16.5,M,52.467,-1.917,CC,No,small,chr15_41217985,CC
YorkshireTerrier,3.2,16.5,M,52.467,-1.917,CC,No,small,chr15_41219654,CC
YorkshireTerrier,3.2,16.5,M,52.467,-1.917,CC,No,small,chr15_41221438,AA
YorkshireTerrier,3.2,16.5,M,52.467,-1.917,CC,No,small,chr15_41227725,AA
YorkshireTerrier,3.2,16.5,M,52.467,-1.917,CC,No,small,chr15_41228068,AA
YorkshireTerrier,3.2,16.5,M,52.467,-1.917,CC,No,small,chr15_41229597,GG
YorkshireTerrier,3.2,16.5,M,52.467,-1.917,CC,No,small,chr15_41229800,CC
YorkshireTerrier,3.2,16.5,M,52.467,-1.917,CC,No,small,chr15_41216098,TT
YorkshireTerrier,3.2,16.5,M,52.467,-1.917,CC,No,small,chr15_41216597,AA
YorkshireTerrier,3.2,16.5,M,52.467,-1.917,CC,No,small,chr15_41217964,AA
YorkshireTerrier,3.2,16.5,M,52.467,-1.917,CC,No,small,chr15_41217985,CC
YorkshireTerrier,3.2,16.5,M,52.467,-1.917,CC,No,small,chr15_41219654,CC
YorkshireTerrier,3.2,16.5,M,52.467,-1.917,CC,No,small,chr15_41221438,AA
YorkshireTerrier,3.2,16.5,M,52.467,-1.917,CC,No,small,chr15_41227725,AA
YorkshireTerrier,3.2,16.5,M,52.467,-1.917,CC,No,small,chr15_41228068,AA
YorkshireTerrier,3.2,16.5,M,52.467,-1.917,CC,No,small,chr15_41229597,GG
YorkshireTerrier,3.2,16.5,M,52.467,-1.917,CC,No,small,chr15_41229800,CC
YorkshireTerrier,3.2,16.5,F,52.467,-1.917,CC,No,small,chr15_41216098,TT
YorkshireTerrier,3.2,16.5,F,52.467,-1.917,CC,No,small,chr15_41216597,AA
YorkshireTerrier,3.2,16.5,F,52.467,-1.917,CC,No,small,chr15_41217964,AA
YorkshireTerrier,3.2,16.5,F,52.467,-1.917,CC,No,small,chr15_41217985,CC
YorkshireTerrier,3.2,16.5,F,52.467,-1.917,CC,No,small,chr15_41219654,CC
YorkshireTerrier,3.2,16.5,F,52.467,-1.917,CC,No,small,chr15_41221438,AA
YorkshireTerrier,3.2,16.5,F,52.467,-1.917,CC,No,small,chr15_41227725,AA
YorkshireTerrier,3.2,16.5,F,52.467,-1.917,CC,No,small,chr15_41228068,AA
YorkshireTerrier,3.2,16.5,F,52.467,-1.917,CC,No,small,chr15_41229597,GG
YorkshireTerrier,3.2,16.5,F,52.467,-1.917,CC,No,small,chr15_41229800,CC
YorkshireTerrier,3.2,16.5,M,52.467,-1.917,CC,No,small,chr15_41216098,TT
YorkshireTerrier,3.2,16.5,M,52.467,-1.917,CC,No,small,chr15_41216597,AA
YorkshireTerrier,3.2,16.5,M,52.467,-1.917,CC,No,small,chr15_41217964,AA
YorkshireTerrier,3.2,16.5,M,52.467,-1.917,CC,No,small,chr15_41217985,CC
YorkshireTerrier,3.2,16.5,M,52.467,-1.917,CC,No,small,chr15_41219654,CC
YorkshireTerrier,3.2,16.5,M,52.467,-1.917,CC,No,small,chr15_41221438,AA
YorkshireTerrier,3.2,16.5,M,52.467,-1.917,CC,No,small,chr15_41227725,AA
YorkshireTerrier,3.2,16.5,M,52.467,-1.917,CC,No,small,chr15_41228068,AA
YorkshireTerrier,3.2,16.5,M,52.467,-1.917,CC,No,small,chr15_41229597,GG
YorkshireTerrier,3.2,16.5,M,52.467,-1.917,CC,No,small,chr15_41229800,CC
YorkshireTerrier,3.2,16.5,F,52.467,-1.917,CC,No,small,chr15_41216098,TT
YorkshireTerrier,3.2,16.5,F,52.467,-1.917,CC,No,small,chr15_41216597,AA
YorkshireTerrier,3.2,16.5,F,52.467,-1.917,CC,No,small,chr15_41217964,AA
YorkshireTerrier,3.2,16.5,F,52.467,-1.917,CC,No,small,chr15_41217985,CC
YorkshireTerrier,3.2,16.5,F,52.467,-1.917,CC,No,small,chr15_41219654,CC
YorkshireTerrier,3.2,16.5,F,52.467,-1.917,CC,No,small,chr15_41221438,AA
YorkshireTerrier,3.2,16.5,F,52.467,-1.917,CC,No,small,chr15_41227725,AA
YorkshireTerrier,3.2,16.5,F,52.467,-1.917,CC,No,small,chr15_41228068,AA
YorkshireTerrier,3.2,16.5,F,52.467,-1.917,CC,No,small,chr15_41229597,GG
YorkshireTerrier,3.2,16.5,F,52.467,-1.917,CC,No,small,chr15_41229800,CC
YorkshireTerrier,3.2,16.5,M,52.467,-1.917,CC,No,small,chr15_41216098,TT
YorkshireTerrier,3.2,16.5,M,52.467,-1.917,CC,No,small,chr15_41216597,AA
YorkshireTerrier,3.2,16.5,M,52.467,-1.917,CC,No,small,chr15_41217964,AA
YorkshireTerrier,3.2,16.5,M,52.467,-1.917,CC,No,small,chr15_41217985,CC
YorkshireTerrier,3.2,16.5,M,52.467,-1.917,CC,No,small,chr15_41219654,CC
YorkshireTerrier,3.2,16.5,M,52.467,-1.917,CC,No,small,chr15_41221438,AA
YorkshireTerrier,3.2,16.5,M,52.467,-1.917,CC,No,small,chr15_41227725,AA
YorkshireTerrier,3.2,16.5,M,52.467,-1.917,CC,No,small,chr15_41228068,AA
YorkshireTerrier,3.2,16.5,M,52.467,-1.917,CC,No,small,chr15_41229597,GG
YorkshireTerrier,3.2,16.5,M,52.467,-1.917,CC,No,small,chr15_41229800,CC
YorkshireTerrier,3.2,16.5,M,52.467,-1.917,CC,No,small,chr15_41216098,TT
YorkshireTerrier,3.2,16.5,M,52.467,-1.917,CC,No,small,chr15_41216597,AA
YorkshireTerrier,3.2,16.5,M,52.467,-1.917,CC,No,small,chr15_41217964,AA
YorkshireTerrier,3.2,16.5,M,52.467,-1.917,CC,No,small,chr15_41217985,CC
YorkshireTerrier,3.2,16.5,M,52.467,-1.917,CC,No,small,chr15_41219654,CC
YorkshireTerrier,3.2,16.5,M,52.467,-1.917,CC,No,small,chr15_41221438,AA
YorkshireTerrier,3.2,16.5,M,52.467,-1.917,CC,No,small,chr15_41227725,AA
YorkshireTerrier,3.2,16.5,M,52.467,-1.917,CC,No,small,chr15_41228068,AA
YorkshireTerrier,3.2,16.5,M,52.467,-1.917,CC,No,small,chr15_41229597,GG
YorkshireTerrier,3.2,16.5,M,52.467,-1.917,CC,No,small,chr15_41229800,CC
YorkshireTerrier,3.2,16.5,F,52.467,-1.917,CC,No,small,chr15_41216098,TT
YorkshireTerrier,3.2,16.5,F,52.467,-1.917,CC,No,small,chr15_41216597,AA
YorkshireTerrier,3.2,16.5,F,52.467,-1.917,CC,No,small,chr15_41217964,AA
YorkshireTerrier,3.2,16.5,F,52.467,-1.917,CC,No,small,chr15_41217985,CC
YorkshireTerrier,3.2,16.5,F,52.467,-1.917,CC,No,small,chr15_41219654,CC
YorkshireTerrier,3.2,16.5,F,52.467,-1.917,CC,No,small,chr15_41221438,AA
YorkshireTerrier,3.2,16.5,F,52.467,-1.917,CC,No,small,chr15_41227725,AA
YorkshireTerrier,3.2,16.5,F,52.467,-1.917,CC,No,small,chr15_41228068,AA
YorkshireTerrier,3.2,16.5,F,52.467,-1.917,CC,No,small,chr15_41229597,GG
YorkshireTerrier,3.2,16.5,F,52.467,-1.917,CC,No,small,chr15_41229800,CC
YorkshireTerrier,3.2,16.5,F,52.467,-1.917,CC,No,small,chr15_41216098,TT
YorkshireTerrier,3.2,16.5,F,52.467,-1.917,CC,No,small,chr15_41216597,AA
YorkshireTerrier,3.2,16.5,F,52.467,-1.917,CC,No,small,chr15_41217964,AA
YorkshireTerrier,3.2,16.5,F,52.467,-1.917,CC,No,small,chr15_41217985,CC
YorkshireTerrier,3.2,16.5,F,52.467,-1.917,CC,No,small,chr15_41219654,CC
YorkshireTerrier,3.2,16.5,F,52.467,-1.917,CC,No,small,chr15_41221438,AA
YorkshireTerrier,3.2,16.5,F,52.467,-1.917,CC,No,small,chr15_41227725,AG
YorkshireTerrier,3.2,16.5,F,52.467,-1.917,CC,No,small,chr15_41228068,AG
YorkshireTerrier,3.2,16.5,F,52.467,-1.917,CC,No,small,chr15_41229597,GA
YorkshireTerrier,3.2,16.5,F,52.467,-1.917,CC,No,small,chr15_41229800,CT
YorkshireTerrier,3.2,16.5,F,52.467,-1.917,CC,Yes,small,chr15_41216098,TT
YorkshireTerrier,3.2,16.5,F,52.467,-1.917,CC,Yes,small,chr15_41216597,AA
YorkshireTerrier,3.2,16.5,F,52.467,-1.917,CC,Yes,small,chr15_41217964,AA
YorkshireTerrier,3.2,16.5,F,52.467,-1.917,CC,Yes,small,chr15_41217985,CC
YorkshireTerrier,3.2,16.5,F,52.467,-1.917,CC,Yes,small,chr15_41219654,CC
YorkshireTerrier,3.2,16.5,F,52.467,-1.917,CC,Yes,small,chr15_41221438,AA
YorkshireTerrier,3.2,16.5,F,52.467,-1.917,CC,Yes,small,chr15_41227725,AA
YorkshireTerrier,3.2,16.5,F,52.467,-1.917,CC,Yes,small,chr15_41228068,AA
YorkshireTerrier,3.2,16.5,F,52.467,-1.917,CC,Yes,small,chr15_41229597,GG
YorkshireTerrier,3.2,16.5,F,52.467,-1.917,CC,Yes,small,chr15_41229800,CC
YorkshireTerrier,3.2,16.5,M,52.467,-1.917,CC,No,small,chr15_41216098,TT
YorkshireTerrier,3.2,16.5,M,52.467,-1.917,CC,No,small,chr15_41216597,AA
YorkshireTerrier,3.2,16.5,M,52.467,-1.917,CC,No,small,chr15_41217964,AA
YorkshireTerrier,3.2,16.5,M,52.467,-1.917,CC,No,small,chr15_41217985,CC
YorkshireTerrier,3.2,16.5,M,52.467,-1.917,CC,No,small,chr15_41219654,CC
YorkshireTerrier,3.2,16.5,M,52.467,-1.917,CC,No,small,chr15_41221438,AA
YorkshireTerrier,3.2,16.5,M,52.467,-1.917,CC,No,small,chr15_41227725,AA
YorkshireTerrier,3.2,16.5,M,52.467,-1.917,CC,No,small,chr15_41228068,AA
YorkshireTerrier,3.2,16.5,M,52.467,-1.917,CC,No,small,chr15_41229597,GG
YorkshireTerrier,3.2,16.5,M,52.467,-1.917,CC,No,small,chr15_41229800,CC
YorkshireTerrier,3.2,16.5,M,52.467,-1.917,CC,No,small,chr15_41216098,TT
YorkshireTerrier,3.2,16.5,M,52.467,-1.917,CC,No,small,chr15_41216597,AA
YorkshireTerrier,3.2,16.5,M,52.467,-1.917,CC,No,small,chr15_41217964,AA
YorkshireTerrier,3.2,16.5,M,52.467,-1.917,CC,No,small,chr15_41217985,CC
YorkshireTerrier,3.2,16.5,M,52.467,-1.917,CC,No,small,chr15_41219654,CC
YorkshireTerrier,3.2,16.5,M,52.467,-1.917,CC,No,small,chr15_41221438,AA
YorkshireTerrier,3.2,16.5,M,52.467,-1.917,CC,No,small,chr15_41227725,AA
YorkshireTerrier,3.2,16.5,M,52.467,-1.917,CC,No,small,chr15_41228068,AA
YorkshireTerrier,3.2,16.5,M,52.467,-1.917,CC,No,small,chr15_41229597,GG
YorkshireTerrier,3.2,16.5,M,52.467,-1.917,CC,No,small,chr15_41229800,CC
YorkshireTerrier,3.2,16.5,M,52.467,-1.917,CC,No,small,chr15_41216098,TT
YorkshireTerrier,3.2,16.5,M,52.467,-1.917,CC,No,small,chr15_41216597,AA
YorkshireTerrier,3.2,16.5,M,52.467,-1.917,CC,No,small,chr15_41217964,AA
YorkshireTerrier,3.2,16.5,M,52.467,-1.917,CC,No,small,chr15_41217985,CC
YorkshireTerrier,3.2,16.5,M,52.467,-1.917,CC,No,small,chr15_41219654,CC
YorkshireTerrier,3.2,16.5,M,52.467,-1.917,CC,No,small,chr15_41221438,AA
YorkshireTerrier,3.2,16.5,M,52.467,-1.917,CC,No,small,chr15_41227725,AA
YorkshireTerrier,3.2,16.5,M,52.467,-1.917,CC,No,small,chr15_41228068,AA
YorkshireTerrier,3.2,16.5,M,52.467,-1.917,CC,No,small,chr15_41229597,GG
YorkshireTerrier,3.2,16.5,M,52.467,-1.917,CC,No,small,chr15_41229800,CC
YorkshireTerrier,3.2,16.5,M,52.467,-1.917,CC,No,small,chr15_41216098,TT
YorkshireTerrier,3.2,16.5,M,52.467,-1.917,CC,No,small,chr15_41216597,AA
YorkshireTerrier,3.2,16.5,M,52.467,-1.917,CC,No,small,chr15_41217964,AA
YorkshireTerrier,3.2,16.5,M,52.467,-1.917,CC,No,small,chr15_41217985,CC
YorkshireTerrier,3.2,16.5,M,52.467,-1.917,CC,No,small,chr15_41219654,CC
YorkshireTerrier,3.2,16.5,M,52.467,-1.917,CC,No,small,chr15_41221438,AA
YorkshireTerrier,3.2,16.5,M,52.467,-1.917,CC,No,small,chr15_41227725,AA
YorkshireTerrier,3.2,16.5,M,52.467,-1.917,CC,No,small,chr15_41228068,AA
YorkshireTerrier,3.2,16.5,M,52.467,-1.917,CC,No,small,chr15_41229597,GG
YorkshireTerrier,3.2,16.5,M,52.467,-1.917,CC,No,small,chr15_41229800,CC
YorkshireTerrier,3.2,16.5,F,52.467,-1.917,CC,Yes,small,chr15_41216098,TT
YorkshireTerrier,3.2,16.5,F,52.467,-1.917,CC,Yes,small,chr15_41216597,AA
YorkshireTerrier,3.2,16.5,F,52.467,-1.917,CC,Yes,small,chr15_41217964,AA
YorkshireTerrier,3.2,16.5,F,52.467,-1.917,CC,Yes,small,chr15_41217985,CC
YorkshireTerrier,3.2,16.5,F,52.467,-1.917,CC,Yes,small,chr15_41219654,CC
YorkshireTerrier,3.2,16.5,F,52.467,-1.917,CC,Yes,small,chr15_41221438,AA
YorkshireTerrier,3.2,16.5,F,52.467,-1.917,CC,Yes,small,chr15_41227725,AG
YorkshireTerrier,3.2,16.5,F,52.467,-1.917,CC,Yes,small,chr15_41228068,AG
YorkshireTerrier,3.2,16.5,F,52.467,-1.917,CC,Yes,small,chr15_41229597,GA
YorkshireTerrier,3.2,16.5,F,52.467,-1.917,CC,Yes,small,chr15_41229800,CT
YorkshireTerrier,3.2,16.5,M,52.467,-1.917,CC,No,small,chr15_41216098,TT
YorkshireTerrier,3.2,16.5,M,52.467,-1.917,CC,No,small,chr15_41216597,AA
YorkshireTerrier,3.2,16.5,M,52.467,-1.917,CC,No,small,chr15_41217964,NA
YorkshireTerrier,3.2,16.5,M,52.467,-1.917,CC,No,small,chr15_41217985,CC
YorkshireTerrier,3.2,16.5,M,52.467,-1.917,CC,No,small,chr15_41219654,CC
YorkshireTerrier,3.2,16.5,M,52.467,-1.917,CC,No,small,chr15_41221438,AA
YorkshireTerrier,3.2,16.5,M,52.467,-1.917,CC,No,small,chr15_41227725,AA
YorkshireTerrier,3.2,16.5,M,52.467,-1.917,CC,No,small,chr15_41228068,AA
YorkshireTerrier,3.2,16.5,M,52.467,-1.917,CC,No,small,chr15_41229597,GG
YorkshireTerrier,3.2,16.5,M,52.467,-1.917,CC,No,small,chr15_41229800,CC
YorkshireTerrier,3.2,16.5,F,52.467,-1.917,CC,No,small,chr15_41216098,TT
YorkshireTerrier,3.2,16.5,F,52.467,-1.917,CC,No,small,chr15_41216597,AA
YorkshireTerrier,3.2,16.5,F,52.467,-1.917,CC,No,small,chr15_41217964,AA
YorkshireTerrier,3.2,16.5,F,52.467,-1.917,CC,No,small,chr15_41217985,CC
YorkshireTerrier,3.2,16.5,F,52.467,-1.917,CC,No,small,chr15_41219654,CC
YorkshireTerrier,3.2,16.5,F,52.467,-1.917,CC,No,small,chr15_41221438,AA
YorkshireTerrier,3.2,16.5,F,52.467,-1.917,CC,No,small,chr15_41227725,AA
YorkshireTerrier,3.2,16.5,F,52.467,-1.917,CC,No,small,chr15_41228068,AA
YorkshireTerrier,3.2,16.5,F,52.467,-1.917,CC,No,small,chr15_41229597,GG
YorkshireTerrier,3.2,16.5,F,52.467,-1.917,CC,No,small,chr15_41229800,CC
YorkshireTerrier,3.2,16.5,M,52.467,-1.917,CC,No,small,chr15_41216098,TT
YorkshireTerrier,3.2,16.5,M,52.467,-1.917,CC,No,small,chr15_41216597,AA
YorkshireTerrier,3.2,16.5,M,52.467,-1.917,CC,No,small,chr15_41217964,AA
YorkshireTerrier,3.2,16.5,M,52.467,-1.917,CC,No,small,chr15_41217985,CC
YorkshireTerrier,3.2,16.5,M,52.467,-1.917,CC,No,small,chr15_41219654,CC
YorkshireTerrier,3.2,16.5,M,52.467,-1.917,CC,No,small,chr15_41221438,AA
YorkshireTerrier,3.2,16.5,M,52.467,-1.917,CC,No,small,chr15_41227725,AA
YorkshireTerrier,3.2,16.5,M,52.467,-1.917,CC,No,small,chr15_41228068,AA
YorkshireTerrier,3.2,16.5,M,52.467,-1.917,CC,No,small,chr15_41229597,GG
YorkshireTerrier,3.2,16.5,M,52.467,-1.917,CC,No,small,chr15_41229800,CC
YorkshireTerrier,3.2,16.5,F,52.467,-1.917,CC,No,small,chr15_41216098,TT
YorkshireTerrier,3.2,16.5,F,52.467,-1.917,CC,No,small,chr15_41216597,AA
YorkshireTerrier,3.2,16.5,F,52.467,-1.917,CC,No,small,chr15_41217964,AA
YorkshireTerrier,3.2,16.5,F,52.467,-1.917,CC,No,small,chr15_41217985,CC
YorkshireTerrier,3.2,16.5,F,52.467,-1.917,CC,No,small,chr15_41219654,CC
YorkshireTerrier,3.2,16.5,F,52.467,-1.917,CC,No,small,chr15_41221438,AA
YorkshireTerrier,3.2,16.5,F,52.467,-1.917,CC,No,small,chr15_41227725,AA
YorkshireTerrier,3.2,16.5,F,52.467,-1.917,CC,No,small,chr15_41228068,AA
YorkshireTerrier,3.2,16.5,F,52.467,-1.917,CC,No,small,chr15_41229597,GG
YorkshireTerrier,3.2,16.5,F,52.467,-1.917,CC,No,small,chr15_41229800,CC
YorkshireTerrier,3.2,16.5,M,52.467,-1.917,CC,No,small,chr15_41216098,TT
YorkshireTerrier,3.2,16.5,M,52.467,-1.917,CC,No,small,chr15_41216597,AA
YorkshireTerrier,3.2,16.5,M,52.467,-1.917,CC,No,small,chr15_41217964,AA
YorkshireTerrier,3.2,16.5,M,52.467,-1.917,CC,No,small,chr15_41217985,CC
YorkshireTerrier,3.2,16.5,M,52.467,-1.917,CC,No,small,chr15_41219654,CC
YorkshireTerrier,3.2,16.5,M,52.467,-1.917,CC,No,small,chr15_41221438,AA
YorkshireTerrier,3.2,16.5,M,52.467,-1.917,CC,No,small,chr15_41227725,AA
YorkshireTerrier,3.2,16.5,M,52.467,-1.917,CC,No,small,chr15_41228068,AA
YorkshireTerrier,3.2,16.5,M,52.467,-1.917,CC,No,small,chr15_41229597,GG
YorkshireTerrier,3.2,16.5,M,52.467,-1.917,CC,No,small,chr15_41229800,CC
YorkshireTerrier,3.2,16.5,F,52.467,-1.917,CC,No,small,chr15_41216098,TT
YorkshireTerrier,3.2,16.5,F,52.467,-1.917,CC,No,small,chr15_41216597,AA
YorkshireTerrier,3.2,16.5,F,52.467,-1.917,CC,No,small,chr15_41217964,AA
YorkshireTerrier,3.2,16.5,F,52.467,-1.917,CC,No,small,chr15_41217985,CC
YorkshireTerrier,3.2,16.5,F,52.467,-1.917,CC,No,small,chr15_41219654,CC
YorkshireTerrier,3.2,16.5,F,52.467,-1.917,CC,No,small,chr15_41221438,AA
YorkshireTerrier,3.2,16.5,F,52.467,-1.917,CC,No,small,chr15_41227725,AA
YorkshireTerrier,3.2,16.5,F,52.467,-1.917,CC,No,small,chr15_41228068,AA
YorkshireTerrier,3.2,16.5,F,52.467,-1.917,CC,No,small,chr15_41229597,GG
YorkshireTerrier,3.2,16.5,F,52.467,-1.917,CC,No,small,chr15_41229800,CC
YorkshireTerrier,3.2,16.5,M,52.467,-1.917,CC,No,small,chr15_41216098,TT
YorkshireTerrier,3.2,16.5,M,52.467,-1.917,CC,No,small,chr15_41216597,AA
YorkshireTerrier,3.2,16.5,M,52.467,-1.917,CC,No,small,chr15_41217964,AA
YorkshireTerrier,3.2,16.5,M,52.467,-1.917,CC,No,small,chr15_41217985,CC
YorkshireTerrier,3.2,16.5,M,52.467,-1.917,CC,No,small,chr15_41219654,CC
YorkshireTerrier,3.2,16.5,M,52.467,-1.917,CC,No,small,chr15_41221438,AA
YorkshireTerrier,3.2,16.5,M,52.467,-1.917,CC,No,small,chr15_41227725,AA
YorkshireTerrier,3.2,16.5,M,52.467,-1.917,CC,No,small,chr15_41228068,AA
YorkshireTerrier,3.2,16.5,M,52.467,-1.917,CC,No,small,chr15_41229597,GG
YorkshireTerrier,3.2,16.5,M,52.467,-1.917,CC,No,small,chr15_41229800,CC
YorkshireTerrier,3.2,16.5,M,52.467,-1.917,CC,No,small,chr15_41216098,TT
YorkshireTerrier,3.2,16.5,M,52.467,-1.917,CC,No,small,chr15_41216597,AA
YorkshireTerrier,3.2,16.5,M,52.467,-1.917,CC,No,small,chr15_41217964,AA
YorkshireTerrier,3.2,16.5,M,52.467,-1.917,CC,No,small,chr15_41217985,CC
YorkshireTerrier,3.2,16.5,M,52.467,-1.917,CC,No,small,chr15_41219654,CC
YorkshireTerrier,3.2,16.5,M,52.467,-1.917,CC,No,small,chr15_41221438,AA
YorkshireTerrier,3.2,16.5,M,52.467,-1.917,CC,No,small,chr15_41227725,AA
YorkshireTerrier,3.2,16.5,M,52.467,-1.917,CC,No,small,chr15_41228068,AA
YorkshireTerrier,3.2,16.5,M,52.467,-1.917,CC,No,small,chr15_41229597,GG
YorkshireTerrier,3.2,16.5,M,52.467,-1.917,CC,No,small,chr15_41229800,CC
YorkshireTerrier,3.2,16.5,M,52.467,-1.917,CC,No,small,chr15_41216098,TT
YorkshireTerrier,3.2,16.5,M,52.467,-1.917,CC,No,small,chr15_41216597,AA
YorkshireTerrier,3.2,16.5,M,52.467,-1.917,CC,No,small,chr15_41217964,AA
YorkshireTerrier,3.2,16.5,M,52.467,-1.917,CC,No,small,chr15_41217985,CC
YorkshireTerrier,3.2,16.5,M,52.467,-1.917,CC,No,small,chr15_41219654,CC
YorkshireTerrier,3.2,16.5,M,52.467,-1.917,CC,No,small,chr15_41221438,NA
YorkshireTerrier,3.2,16.5,M,52.467,-1.917,CC,No,small,chr15_41227725,AA
YorkshireTerrier,3.2,16.5,M,52.467,-1.917,CC,No,small,chr15_41228068,AA
YorkshireTerrier,3.2,16.5,M,52.467,-1.917,CC,No,small,chr15_41229597,GG
YorkshireTerrier,3.2,16.5,M,52.467,-1.917,CC,No,small,chr15_41229800,CC
YorkshireTerrier,3.2,16.5,M,52.467,-1.917,CC,No,small,chr15_41216098,TT
YorkshireTerrier,3.2,16.5,M,52.467,-1.917,CC,No,small,chr15_41216597,AA
YorkshireTerrier,3.2,16.5,M,52.467,-1.917,CC,No,small,chr15_41217964,AA
YorkshireTerrier,3.2,16.5,M,52.467,-1.917,CC,No,small,chr15_41217985,CC
YorkshireTerrier,3.2,16.5,M,52.467,-1.917,CC,No,small,chr15_41219654,CC
YorkshireTerrier,3.2,16.5,M,52.467,-1.917,CC,No,small,chr15_41221438,AA
YorkshireTerrier,3.2,16.5,M,52.467,-1.917,CC,No,small,chr15_41227725,AA
YorkshireTerrier,3.2,16.5,M,52.467,-1.917,CC,No,small,chr15_41228068,AA
YorkshireTerrier,3.2,16.5,M,52.467,-1.917,CC,No,small,chr15_41229597,GG
YorkshireTerrier,3.2,16.5,M,52.467,-1.917,CC,No,small,chr15_41229800,CC
YorkshireTerrier,3.2,16.5,M,52.467,-1.917,CC,No,small,chr15_41216098,TT
YorkshireTerrier,3.2,16.5,M,52.467,-1.917,CC,No,small,chr15_41216597,AA
YorkshireTerrier,3.2,16.5,M,52.467,-1.917,CC,No,small,chr15_41217964,AA
YorkshireTerrier,3.2,16.5,M,52.467,-1.917,CC,No,small,chr15_41217985,CC
YorkshireTerrier,3.2,16.5,M,52.467,-1.917,CC,No,small,chr15_41219654,CC
YorkshireTerrier,3.2,16.5,M,52.467,-1.917,CC,No,small,chr15_41221438,AA
YorkshireTerrier,3.2,16.5,M,52.467,-1.917,CC,No,small,chr15_41227725,AA
YorkshireTerrier,3.2,16.5,M,52.467,-1.917,CC,No,small,chr15_41228068,AA
YorkshireTerrier,3.2,16.5,M,52.467,-1.917,CC,No,small,chr15_41229597,GG
YorkshireTerrier,3.2,16.5,M,52.467,-1.917,CC,No,small,chr15_41229800,CC
YorkshireTerrier,3.2,16.5,M,52.467,-1.917,CC,No,small,chr15_41216098,TT
YorkshireTerrier,3.2,16.5,M,52.467,-1.917,CC,No,small,chr15_41216597,AA
YorkshireTerrier,3.2,16.5,M,52.467,-1.917,CC,No,small,chr15_41217964,AA
YorkshireTerrier,3.2,16.5,M,52.467,-1.917,CC,No,small,chr15_41217985,CC
YorkshireTerrier,3.2,16.5,M,52.467,-1.917,CC,No,small,chr15_41219654,CC
YorkshireTerrier,3.2,16.5,M,52.467,-1.917,CC,No,small,chr15_41221438,AA
YorkshireTerrier,3.2,16.5,M,52.467,-1.917,CC,No,small,chr15_41227725,AA
YorkshireTerrier,3.2,16.5,M,52.467,-1.917,CC,No,small,chr15_41228068,AA
YorkshireTerrier,3.2,16.5,M,52.467,-1.917,CC,No,small,chr15_41229597,GG
YorkshireTerrier,3.2,16.5,M,52.467,-1.917,CC,No,small,chr15_41229800,CC
YorkshireTerrier,3.2,16.5,F,52.467,-1.917,CC,No,small,chr15_41216098,TT
YorkshireTerrier,3.2,16.5,F,52.467,-1.917,CC,No,small,chr15_41216597,AA
YorkshireTerrier,3.2,16.5,F,52.467,-1.917,CC,No,small,chr15_41217964,AA
YorkshireTerrier,3.2,16.5,F,52.467,-1.917,CC,No,small,chr15_41217985,CC
YorkshireTerrier,3.2,16.5,F,52.467,-1.917,CC,No,small,chr15_41219654,CC
YorkshireTerrier,3.2,16.5,F,52.467,-1.917,CC,No,small,chr15_41221438,AA
YorkshireTerrier,3.2,16.5,F,52.467,-1.917,CC,No,small,chr15_41227725,AA
YorkshireTerrier,3.2,16.5,F,52.467,-1.917,CC,No,small,chr15_41228068,AA
YorkshireTerrier,3.2,16.5,F,52.467,-1.917,CC,No,small,chr15_41229597,GG
YorkshireTerrier,3.2,16.5,F,52.467,-1.917,CC,No,small,chr15_41229800,CC
YorkshireTerrier,3.2,16.5,M,52.467,-1.917,CC,No,small,chr15_41216098,TT
YorkshireTerrier,3.2,16.5,M,52.467,-1.917,CC,No,small,chr15_41216597,AA
YorkshireTerrier,3.2,16.5,M,52.467,-1.917,CC,No,small,chr15_41217964,AA
YorkshireTerrier,3.2,16.5,M,52.467,-1.917,CC,No,small,chr15_41217985,CC
YorkshireTerrier,3.2,16.5,M,52.467,-1.917,CC,No,small,chr15_41219654,CC
YorkshireTerrier,3.2,16.5,M,52.467,-1.917,CC,No,small,chr15_41221438,AA
YorkshireTerrier,3.2,16.5,M,52.467,-1.917,CC,No,small,chr15_41227725,AG
YorkshireTerrier,3.2,16.5,M,52.467,-1.917,CC,No,small,chr15_41228068,AG
YorkshireTerrier,3.2,16.5,M,52.467,-1.917,CC,No,small,chr15_41229597,GA
YorkshireTerrier,3.2,16.5,M,52.467,-1.917,CC,No,small,chr15_41229800,CT
YorkshireTerrier,3.2,16.5,M,52.467,-1.917,CC,No,small,chr15_41216098,TT
YorkshireTerrier,3.2,16.5,M,52.467,-1.917,CC,No,small,chr15_41216597,AA
YorkshireTerrier,3.2,16.5,M,52.467,-1.917,CC,No,small,chr15_41217964,AA
YorkshireTerrier,3.2,16.5,M,52.467,-1.917,CC,No,small,chr15_41217985,CC
YorkshireTerrier,3.2,16.5,M,52.467,-1.917,CC,No,small,chr15_41219654,CC
YorkshireTerrier,3.2,16.5,M,52.467,-1.917,CC,No,small,chr15_41221438,AA
YorkshireTerrier,3.2,16.5,M,52.467,-1.917,CC,No,small,chr15_41227725,AA
YorkshireTerrier,3.2,16.5,M,52.467,-1.917,CC,No,small,chr15_41228068,AA
YorkshireTerrier,3.2,16.5,M,52.467,-1.917,CC,No,small,chr15_41229597,GG
YorkshireTerrier,3.2,16.5,M,52.467,-1.917,CC,No,small,chr15_41229800,CC
YorkshireTerrier,3.2,16.5,M,52.467,-1.917,CC,No,small,chr15_41216098,TT
YorkshireTerrier,3.2,16.5,M,52.467,-1.917,CC,No,small,chr15_41216597,AA
YorkshireTerrier,3.2,16.5,M,52.467,-1.917,CC,No,small,chr15_41217964,AA
YorkshireTerrier,3.2,16.5,M,52.467,-1.917,CC,No,small,chr15_41217985,CC
YorkshireTerrier,3.2,16.5,M,52.467,-1.917,CC,No,small,chr15_41219654,CC
YorkshireTerrier,3.2,16.5,M,52.467,-1.917,CC,No,small,chr15_41221438,NA
YorkshireTerrier,3.2,16.5,M,52.467,-1.917,CC,No,small,chr15_41227725,AA
YorkshireTerrier,3.2,16.5,M,52.467,-1.917,CC,No,small,chr15_41228068,AA
YorkshireTerrier,3.2,16.5,M,52.467,-1.917,CC,No,small,chr15_41229597,GG
YorkshireTerrier,3.2,16.5,M,52.467,-1.917,CC,No,small,chr15_41229800,CC
YorkshireTerrier,3.2,16.5,M,52.467,-1.917,CC,No,small,chr15_41216098,TT
YorkshireTerrier,3.2,16.5,M,52.467,-1.917,CC,No,small,chr15_41216597,AA
YorkshireTerrier,3.2,16.5,M,52.467,-1.917,CC,No,small,chr15_41217964,AC
YorkshireTerrier,3.2,16.5,M,52.467,-1.917,CC,No,small,chr15_41217985,CC
YorkshireTerrier,3.2,16.5,M,52.467,-1.917,CC,No,small,chr15_41219654,CC
YorkshireTerrier,3.2,16.5,M,52.467,-1.917,CC,No,small,chr15_41221438,AA
YorkshireTerrier,3.2,16.5,M,52.467,-1.917,CC,No,small,chr15_41227725,AG
YorkshireTerrier,3.2,16.5,M,52.467,-1.917,CC,No,small,chr15_41228068,AG
YorkshireTerrier,3.2,16.5,M,52.467,-1.917,CC,No,small,chr15_41229597,GA
YorkshireTerrier,3.2,16.5,M,52.467,-1.917,CC,No,small,chr15_41229800,CT
YorkshireTerrier,3.2,16.5,M,52.467,-1.917,CC,No,small,chr15_41216098,TT
YorkshireTerrier,3.2,16.5,M,52.467,-1.917,CC,No,small,chr15_41216597,AA
YorkshireTerrier,3.2,16.5,M,52.467,-1.917,CC,No,small,chr15_41217964,AA
YorkshireTerrier,3.2,16.5,M,52.467,-1.917,CC,No,small,chr15_41217985,CC
YorkshireTerrier,3.2,16.5,M,52.467,-1.917,CC,No,small,chr15_41219654,CC
YorkshireTerrier,3.2,16.5,M,52.467,-1.917,CC,No,small,chr15_41221438,AA
YorkshireTerrier,3.2,16.5,M,52.467,-1.917,CC,No,small,chr15_41227725,AA
YorkshireTerrier,3.2,16.5,M,52.467,-1.917,CC,No,small,chr15_41228068,AA
YorkshireTerrier,3.2,16.5,M,52.467,-1.917,CC,No,small,chr15_41229597,GG
YorkshireTerrier,3.2,16.5,M,52.467,-1.917,CC,No,small,chr15_41229800,CC
YorkshireTerrier,3.2,16.5,F,52.467,-1.917,CC,No,small,chr15_41216098,TT
YorkshireTerrier,3.2,16.5,F,52.467,-1.917,CC,No,small,chr15_41216597,AA
YorkshireTerrier,3.2,16.5,F,52.467,-1.917,CC,No,small,chr15_41217964,AA
YorkshireTerrier,3.2,16.5,F,52.467,-1.917,CC,No,small,chr15_41217985,CC
YorkshireTerrier,3.2,16.5,F,52.467,-1.917,CC,No,small,chr15_41219654,CC
YorkshireTerrier,3.2,16.5,F,52.467,-1.917,CC,No,small,chr15_41221438,AA
YorkshireTerrier,3.2,16.5,F,52.467,-1.917,CC,No,small,chr15_41227725,AA
YorkshireTerrier,3.2,16.5,F,52.467,-1.917,CC,No,small,chr15_41228068,AA
YorkshireTerrier,3.2,16.5,F,52.467,-1.917,CC,No,small,chr15_41229597,GG
YorkshireTerrier,3.2,16.5,F,52.467,-1.917,CC,No,small,chr15_41229800,CC
YorkshireTerrier,3.2,16.5,M,52.467,-1.917,CC,No,small,chr15_41216098,TT
YorkshireTerrier,3.2,16.5,M,52.467,-1.917,CC,No,small,chr15_41216597,AA
YorkshireTerrier,3.2,16.5,M,52.467,-1.917,CC,No,small,chr15_41217964,AA
YorkshireTerrier,3.2,16.5,M,52.467,-1.917,CC,No,small,chr15_41217985,CC
YorkshireTerrier,3.2,16.5,M,52.467,-1.917,CC,No,small,chr15_41219654,CC
YorkshireTerrier,3.2,16.5,M,52.467,-1.917,CC,No,small,chr15_41221438,AA
YorkshireTerrier,3.2,16.5,M,52.467,-1.917,CC,No,small,chr15_41227725,AG
YorkshireTerrier,3.2,16.5,M,52.467,-1.917,CC,No,small,chr15_41228068,AG
YorkshireTerrier,3.2,16.5,M,52.467,-1.917,CC,No,small,chr15_41229597,GA
YorkshireTerrier,3.2,16.5,M,52.467,-1.917,CC,No,small,chr15_41229800,CT
YorkshireTerrier,3.2,16.5,M,52.467,-1.917,CC,No,small,chr15_41216098,TT
YorkshireTerrier,3.2,16.5,M,52.467,-1.917,CC,No,small,chr15_41216597,AA
YorkshireTerrier,3.2,16.5,M,52.467,-1.917,CC,No,small,chr15_41217964,AA
YorkshireTerrier,3.2,16.5,M,52.467,-1.917,CC,No,small,chr15_41217985,CC
YorkshireTerrier,3.2,16.5,M,52.467,-1.917,CC,No,small,chr15_41219654,CC
YorkshireTerrier,3.2,16.5,M,52.467,-1.917,CC,No,small,chr15_41221438,AA
YorkshireTerrier,3.2,16.5,M,52.467,-1.917,CC,No,small,chr15_41227725,AA
YorkshireTerrier,3.2,16.5,M,52.467,-1.917,CC,No,small,chr15_41228068,AA
YorkshireTerrier,3.2,16.5,M,52.467,-1.917,CC,No,small,chr15_41229597,GG
YorkshireTerrier,3.2,16.5,M,52.467,-1.917,CC,No,small,chr15_41229800,CC
YorkshireTerrier,3.2,16.5,M,52.467,-1.917,CC,No,small,chr15_41216098,TT
YorkshireTerrier,3.2,16.5,M,52.467,-1.917,CC,No,small,chr15_41216597,AA
YorkshireTerrier,3.2,16.5,M,52.467,-1.917,CC,No,small,chr15_41217964,AA
YorkshireTerrier,3.2,16.5,M,52.467,-1.917,CC,No,small,chr15_41217985,CC
YorkshireTerrier,3.2,16.5,M,52.467,-1.917,CC,No,small,chr15_41219654,CC
YorkshireTerrier,3.2,16.5,M,52.467,-1.917,CC,No,small,chr15_41221438,AA
YorkshireTerrier,3.2,16.5,M,52.467,-1.917,CC,No,small,chr15_41227725,AA
YorkshireTerrier,3.2,16.5,M,52.467,-1.917,CC,No,small,chr15_41228068,AA
YorkshireTerrier,3.2,16.5,M,52.467,-1.917,CC,No,small,chr15_41229597,GG
YorkshireTerrier,3.2,16.5,M,52.467,-1.917,CC,No,small,chr15_41229800,CC
YorkshireTerrier,3.2,16.5,F,52.467,-1.917,CC,No,small,chr15_41216098,TT
YorkshireTerrier,3.2,16.5,F,52.467,-1.917,CC,No,small,chr15_41216597,AA
YorkshireTerrier,3.2,16.5,F,52.467,-1.917,CC,No,small,chr15_41217964,AA
YorkshireTerrier,3.2,16.5,F,52.467,-1.917,CC,No,small,chr15_41217985,CC
YorkshireTerrier,3.2,16.5,F,52.467,-1.917,CC,No,small,chr15_41219654,CC
YorkshireTerrier,3.2,16.5,F,52.467,-1.917,CC,No,small,chr15_41221438,AA
YorkshireTerrier,3.2,16.5,F,52.467,-1.917,CC,No,small,chr15_41227725,AA
YorkshireTerrier,3.2,16.5,F,52.467,-1.917,CC,No,small,chr15_41228068,AA
YorkshireTerrier,3.2,16.5,F,52.467,-1.917,CC,No,small,chr15_41229597,GG
YorkshireTerrier,3.2,16.5,F,52.467,-1.917,CC,No,small,chr15_41229800,CC
YorkshireTerrier,3.2,16.5,F,52.467,-1.917,CC,No,small,chr15_41216098,TT
YorkshireTerrier,3.2,16.5,F,52.467,-1.917,CC,No,small,chr15_41216597,AA
YorkshireTerrier,3.2,16.5,F,52.467,-1.917,CC,No,small,chr15_41217964,AA
YorkshireTerrier,3.2,16.5,F,52.467,-1.917,CC,No,small,chr15_41217985,CC
YorkshireTerrier,3.2,16.5,F,52.467,-1.917,CC,No,small,chr15_41219654,CC
YorkshireTerrier,3.2,16.5,F,52.467,-1.917,CC,No,small,chr15_41221438,AA
YorkshireTerrier,3.2,16.5,F,52.467,-1.917,CC,No,small,chr15_41227725,AA
YorkshireTerrier,3.2,16.5,F,52.467,-1.917,CC,No,small,chr15_41228068,AA
YorkshireTerrier,3.2,16.5,F,52.467,-1.917,CC,No,small,chr15_41229597,GG
YorkshireTerrier,3.2,16.5,F,52.467,-1.917,CC,No,small,chr15_41229800,CC
YorkshireTerrier,3.2,16.5,M,52.467,-1.917,CC,No,small,chr15_41216098,TT
YorkshireTerrier,3.2,16.5,M,52.467,-1.917,CC,No,small,chr15_41216597,AA
YorkshireTerrier,3.2,16.5,M,52.467,-1.917,CC,No,small,chr15_41217964,AA
YorkshireTerrier,3.2,16.5,M,52.467,-1.917,CC,No,small,chr15_41217985,CC
YorkshireTerrier,3.2,16.5,M,52.467,-1.917,CC,No,small,chr15_41219654,CC
YorkshireTerrier,3.2,16.5,M,52.467,-1.917,CC,No,small,chr15_41221438,AA
YorkshireTerrier,3.2,16.5,M,52.467,-1.917,CC,No,small,chr15_41227725,AA
YorkshireTerrier,3.2,16.5,M,52.467,-1.917,CC,No,small,chr15_41228068,AA
YorkshireTerrier,3.2,16.5,M,52.467,-1.917,CC,No,small,chr15_41229597,GG
YorkshireTerrier,3.2,16.5,M,52.467,-1.917,CC,No,small,chr15_41229800,CC
YorkshireTerrier,3.2,16.5,M,52.467,-1.917,CC,No,small,chr15_41216098,TT
YorkshireTerrier,3.2,16.5,M,52.467,-1.917,CC,No,small,chr15_41216597,AA
YorkshireTerrier,3.2,16.5,M,52.467,-1.917,CC,No,small,chr15_41217964,AA
YorkshireTerrier,3.2,16.5,M,52.467,-1.917,CC,No,small,chr15_41217985,CC
YorkshireTerrier,3.2,16.5,M,52.467,-1.917,CC,No,small,chr15_41219654,CC
YorkshireTerrier,3.2,16.5,M,52.467,-1.917,CC,No,small,chr15_41221438,AA
YorkshireTerrier,3.2,16.5,M,52.467,-1.917,CC,No,small,chr15_41227725,AA
YorkshireTerrier,3.2,16.5,M,52.467,-1.917,CC,No,small,chr15_41228068,AA
YorkshireTerrier,3.2,16.5,M,52.467,-1.917,CC,No,small,chr15_41229597,GG
YorkshireTerrier,3.2,16.5,M,52.467,-1.917,CC,No,small,chr15_41229800,CC
YorkshireTerrier,3.2,16.5,M,52.467,-1.917,CC,No,small,chr15_41216098,TT
YorkshireTerrier,3.2,16.5,M,52.467,-1.917,CC,No,small,chr15_41216597,AA
YorkshireTerrier,3.2,16.5,M,52.467,-1.917,CC,No,small,chr15_41217964,AA
YorkshireTerrier,3.2,16.5,M,52.467,-1.917,CC,No,small,chr15_41217985,CC
YorkshireTerrier,3.2,16.5,M,52.467,-1.917,CC,No,small,chr15_41219654,CC
YorkshireTerrier,3.2,16.5,M,52.467,-1.917,CC,No,small,chr15_41221438,AA
YorkshireTerrier,3.2,16.5,M,52.467,-1.917,CC,No,small,chr15_41227725,AA
YorkshireTerrier,3.2,16.5,M,52.467,-1.917,CC,No,small,chr15_41228068,AA
YorkshireTerrier,3.2,16.5,M,52.467,-1.917,CC,No,small,chr15_41229597,GG
YorkshireTerrier,3.2,16.5,M,52.467,-1.917,CC,No,small,chr15_41229800,CC
YorkshireTerrier,3.2,16.5,F,52.467,-1.917,CC,No,small,chr15_41216098,TT
YorkshireTerrier,3.2,16.5,F,52.467,-1.917,CC,No,small,chr15_41216597,AA
YorkshireTerrier,3.2,16.5,F,52.467,-1.917,CC,No,small,chr15_41217964,AA
YorkshireTerrier,3.2,16.5,F,52.467,-1.917,CC,No,small,chr15_41217985,CC
YorkshireTerrier,3.2,16.5,F,52.467,-1.917,CC,No,small,chr15_41219654,CC
YorkshireTerrier,3.2,16.5,F,52.467,-1.917,CC,No,small,chr15_41221438,AA
YorkshireTerrier,3.2,16.5,F,52.467,-1.917,CC,No,small,chr15_41227725,AA
YorkshireTerrier,3.2,16.5,F,52.467,-1.917,CC,No,small,chr15_41228068,AA
YorkshireTerrier,3.2,16.5,F,52.467,-1.917,CC,No,small,chr15_41229597,GG
YorkshireTerrier,3.2,16.5,F,52.467,-1.917,CC,No,small,chr15_41229800,CC
YorkshireTerrier,3.2,16.5,M,52.467,-1.917,CC,No,small,chr15_41216098,TT
YorkshireTerrier,3.2,16.5,M,52.467,-1.917,CC,No,small,chr15_41216597,AA
YorkshireTerrier,3.2,16.5,M,52.467,-1.917,CC,No,small,chr15_41217964,AA
YorkshireTerrier,3.2,16.5,M,52.467,-1.917,CC,No,small,chr15_41217985,CC
YorkshireTerrier,3.2,16.5,M,52.467,-1.917,CC,No,small,chr15_41219654,CC
YorkshireTerrier,3.2,16.5,M,52.467,-1.917,CC,No,small,chr15_41221438,AA
YorkshireTerrier,3.2,16.5,M,52.467,-1.917,CC,No,small,chr15_41227725,AG
YorkshireTerrier,3.2,16.5,M,52.467,-1.917,CC,No,small,chr15_41228068,AG
YorkshireTerrier,3.2,16.5,M,52.467,-1.917,CC,No,small,chr15_41229597,GA
YorkshireTerrier,3.2,16.5,M,52.467,-1.917,CC,No,small,chr15_41229800,CT
YorkshireTerrier,3.2,16.5,F,52.467,-1.917,CC,No,small,chr15_41216098,TT
YorkshireTerrier,3.2,16.5,F,52.467,-1.917,CC,No,small,chr15_41216597,AA
YorkshireTerrier,3.2,16.5,F,52.467,-1.917,CC,No,small,chr15_41217964,AA
YorkshireTerrier,3.2,16.5,F,52.467,-1.917,CC,No,small,chr15_41217985,CC
YorkshireTerrier,3.2,16.5,F,52.467,-1.917,CC,No,small,chr15_41219654,CC
YorkshireTerrier,3.2,16.5,F,52.467,-1.917,CC,No,small,chr15_41221438,AA
YorkshireTerrier,3.2,16.5,F,52.467,-1.917,CC,No,small,chr15_41227725,AA
YorkshireTerrier,3.2,16.5,F,52.467,-1.917,CC,No,small,chr15_41228068,AA
YorkshireTerrier,3.2,16.5,F,52.467,-1.917,CC,No,small,chr15_41229597,GG
YorkshireTerrier,3.2,16.5,F,52.467,-1.917,CC,No,small,chr15_41229800,CC
YorkshireTerrier,3.2,16.5,M,52.467,-1.917,CC,No,small,chr15_41216098,TT
YorkshireTerrier,3.2,16.5,M,52.467,-1.917,CC,No,small,chr15_41216597,AA
YorkshireTerrier,3.2,16.5,M,52.467,-1.917,CC,No,small,chr15_41217964,AA
YorkshireTerrier,3.2,16.5,M,52.467,-1.917,CC,No,small,chr15_41217985,CC
YorkshireTerrier,3.2,16.5,M,52.467,-1.917,CC,No,small,chr15_41219654,CC
YorkshireTerrier,3.2,16.5,M,52.467,-1.917,CC,No,small,chr15_41221438,AA
YorkshireTerrier,3.2,16.5,M,52.467,-1.917,CC,No,small,chr15_41227725,AA
YorkshireTerrier,3.2,16.5,M,52.467,-1.917,CC,No,small,chr15_41228068,AA
YorkshireTerrier,3.2,16.5,M,52.467,-1.917,CC,No,small,chr15_41229597,GG
YorkshireTerrier,3.2,16.5,M,52.467,-1.917,CC,No,small,chr15_41229800,CC
YorkshireTerrier,3.2,16.5,M,52.467,-1.917,CC,No,small,chr15_41216098,TT
YorkshireTerrier,3.2,16.5,M,52.467,-1.917,CC,No,small,chr15_41216597,AA
YorkshireTerrier,3.2,16.5,M,52.467,-1.917,CC,No,small,chr15_41217964,AA
YorkshireTerrier,3.2,16.5,M,52.467,-1.917,CC,No,small,chr15_41217985,CC
YorkshireTerrier,3.2,16.5,M,52.467,-1.917,CC,No,small,chr15_41219654,CC
YorkshireTerrier,3.2,16.5,M,52.467,-1.917,CC,No,small,chr15_41221438,AA
YorkshireTerrier,3.2,16.5,M,52.467,-1.917,CC,No,small,chr15_41227725,AA
YorkshireTerrier,3.2,16.5,M,52.467,-1.917,CC,No,small,chr15_41228068,AA
YorkshireTerrier,3.2,16.5,M,52.467,-1.917,CC,No,small,chr15_41229597,GG
YorkshireTerrier,3.2,16.5,M,52.467,-1.917,CC,No,small,chr15_41229800,CC
YorkshireTerrier,3.2,16.5,M,52.467,-1.917,CC,No,small,chr15_41216098,TT
YorkshireTerrier,3.2,16.5,M,52.467,-1.917,CC,No,small,chr15_41216597,AA
YorkshireTerrier,3.2,16.5,M,52.467,-1.917,CC,No,small,chr15_41217964,AA
YorkshireTerrier,3.2,16.5,M,52.467,-1.917,CC,No,small,chr15_41217985,CC
YorkshireTerrier,3.2,16.5,M,52.467,-1.917,CC,No,small,chr15_41219654,CC
YorkshireTerrier,3.2,16.5,M,52.467,-1.917,CC,No,small,chr15_41221438,AA
YorkshireTerrier,3.2,16.5,M,52.467,-1.917,CC,No,small,chr15_41227725,AA
YorkshireTerrier,3.2,16.5,M,52.467,-1.917,CC,No,small,chr15_41228068,AA
YorkshireTerrier,3.2,16.5,M,52.467,-1.917,CC,No,small,chr15_41229597,GG
YorkshireTerrier,3.2,16.5,M,52.467,-1.917,CC,No,small,chr15_41229800,CC
YorkshireTerrier,3.2,16.5,M,52.467,-1.917,CC,Yes,small,chr15_41216098,TT
YorkshireTerrier,3.2,16.5,M,52.467,-1.917,CC,Yes,small,chr15_41216597,AA
YorkshireTerrier,3.2,16.5,M,52.467,-1.917,CC,Yes,small,chr15_41217964,AA
YorkshireTerrier,3.2,16.5,M,52.467,-1.917,CC,Yes,small,chr15_41217985,CC
YorkshireTerrier,3.2,16.5,M,52.467,-1.917,CC,Yes,small,chr15_41219654,CC
YorkshireTerrier,3.2,16.5,M,52.467,-1.917,CC,Yes,small,chr15_41221438,AA
YorkshireTerrier,3.2,16.5,M,52.467,-1.917,CC,Yes,small,chr15_41227725,AA
YorkshireTerrier,3.2,16.5,M,52.467,-1.917,CC,Yes,small,chr15_41228068,AA
YorkshireTerrier,3.2,16.5,M,52.467,-1.917,CC,Yes,small,chr15_41229597,GG
YorkshireTerrier,3.2,16.5,M,52.467,-1.917,CC,Yes,small,chr15_41229800,CC
YorkshireTerrier,3.2,16.5,F,52.467,-1.917,CC,No,small,chr15_41216098,TT
YorkshireTerrier,3.2,16.5,F,52.467,-1.917,CC,No,small,chr15_41216597,AA
YorkshireTerrier,3.2,16.5,F,52.467,-1.917,CC,No,small,chr15_41217964,AA
YorkshireTerrier,3.2,16.5,F,52.467,-1.917,CC,No,small,chr15_41217985,CC
YorkshireTerrier,3.2,16.5,F,52.467,-1.917,CC,No,small,chr15_41219654,CC
YorkshireTerrier,3.2,16.5,F,52.467,-1.917,CC,No,small,chr15_41221438,AA
YorkshireTerrier,3.2,16.5,F,52.467,-1.917,CC,No,small,chr15_41227725,AG
YorkshireTerrier,3.2,16.5,F,52.467,-1.917,CC,No,small,chr15_41228068,AG
YorkshireTerrier,3.2,16.5,F,52.467,-1.917,CC,No,small,chr15_41229597,GA
YorkshireTerrier,3.2,16.5,F,52.467,-1.917,CC,No,small,chr15_41229800,CT
YorkshireTerrier,3.2,16.5,M,52.467,-1.917,CC,No,small,chr15_41216098,TT
YorkshireTerrier,3.2,16.5,M,52.467,-1.917,CC,No,small,chr15_41216597,AA
YorkshireTerrier,3.2,16.5,M,52.467,-1.917,CC,No,small,chr15_41217964,AA
YorkshireTerrier,3.2,16.5,M,52.467,-1.917,CC,No,small,chr15_41217985,CC
YorkshireTerrier,3.2,16.5,M,52.467,-1.917,CC,No,small,chr15_41219654,CC
YorkshireTerrier,3.2,16.5,M,52.467,-1.917,CC,No,small,chr15_41221438,AA
YorkshireTerrier,3.2,16.5,M,52.467,-1.917,CC,No,small,chr15_41227725,AA
YorkshireTerrier,3.2,16.5,M,52.467,-1.917,CC,No,small,chr15_41228068,AA
YorkshireTerrier,3.2,16.5,M,52.467,-1.917,CC,No,small,chr15_41229597,GG
YorkshireTerrier,3.2,16.5,M,52.467,-1.917,CC,No,small,chr15_41229800,CC
