sample_id,breed,type,body_mass_kg,height_cm,sex,coverage_all,coverage_x,bio_project,bio_sample,longitude,latitude,igf1_as_genotype,used_for_gwas,group_in_phylogenetic_analyses_d_statistics,height_category,chr_location,marker_alleles_data
BrusselsGriffon02,BrusselsGriffon,Dog,5,17.8,F,21.1602,21.2314,PRJNA648123,NA,50.85034,4.35171,CC,Yes,-,small,chr15_41216098,TT
BrusselsGriffon02,BrusselsGriffon,Dog,5,17.8,F,21.1602,21.2314,PRJNA648123,NA,50.85034,4.35171,CC,Yes,-,small,chr15_41216597,AA
BrusselsGriffon02,BrusselsGriffon,Dog,5,17.8,F,21.1602,21.2314,PRJNA648123,NA,50.85034,4.35171,CC,Yes,-,small,chr15_41217964,AA
BrusselsGriffon02,BrusselsGriffon,Dog,5,17.8,F,21.1602,21.2314,PRJNA648123,NA,50.85034,4.35171,CC,Yes,-,small,chr15_41217985,CC
BrusselsGriffon02,BrusselsGriffon,Dog,5,17.8,F,21.1602,21.2314,PRJNA648123,NA,50.85034,4.35171,CC,Yes,-,small,chr15_41219654,CC
BrusselsGriffon02,BrusselsGriffon,Dog,5,17.8,F,21.1602,21.2314,PRJNA648123,NA,50.85034,4.35171,CC,Yes,-,small,chr15_41221438,AA
BrusselsGriffon02,BrusselsGriffon,Dog,5,17.8,F,21.1602,21.2314,PRJNA648123,NA,50.85034,4.35171,CC,Yes,-,small,chr15_41227725,AA
BrusselsGriffon02,BrusselsGriffon,Dog,5,17.8,F,21.1602,21.2314,PRJNA648123,NA,50.85034,4.35171,CC,Yes,-,small,chr15_41228068,AA
BrusselsGriffon02,BrusselsGriffon,Dog,5,17.8,F,21.1602,21.2314,PRJNA648123,NA,50.85034,4.35171,CC,Yes,-,small,chr15_41229597,GG
BrusselsGriffon02,BrusselsGriffon,Dog,5,17.8,F,21.1602,21.2314,PRJNA648123,NA,50.85034,4.35171,CC,Yes,-,small,chr15_41229800,CC
BrusselsGriffon04,BrusselsGriffon,Dog,5,17.8,F,20.397,20.2926,PRJNA648123,NA,50.85034,4.35171,CC,Yes,-,small,chr15_41216098,TT
BrusselsGriffon04,BrusselsGriffon,Dog,5,17.8,F,20.397,20.2926,PRJNA648123,NA,50.85034,4.35171,CC,Yes,-,small,chr15_41216597,AA
BrusselsGriffon04,BrusselsGriffon,Dog,5,17.8,F,20.397,20.2926,PRJNA648123,NA,50.85034,4.35171,CC,Yes,-,small,chr15_41217964,AA
BrusselsGriffon04,BrusselsGriffon,Dog,5,17.8,F,20.397,20.2926,PRJNA648123,NA,50.85034,4.35171,CC,Yes,-,small,chr15_41217985,CC
BrusselsGriffon04,BrusselsGriffon,Dog,5,17.8,F,20.397,20.2926,PRJNA648123,NA,50.85034,4.35171,CC,Yes,-,small,chr15_41219654,CC
BrusselsGriffon04,BrusselsGriffon,Dog,5,17.8,F,20.397,20.2926,PRJNA648123,NA,50.85034,4.35171,CC,Yes,-,small,chr15_41221438,AA
BrusselsGriffon04,BrusselsGriffon,Dog,5,17.8,F,20.397,20.2926,PRJNA648123,NA,50.85034,4.35171,CC,Yes,-,small,chr15_41227725,AA
BrusselsGriffon04,BrusselsGriffon,Dog,5,17.8,F,20.397,20.2926,PRJNA648123,NA,50.85034,4.35171,CC,Yes,-,small,chr15_41228068,AA
BrusselsGriffon04,BrusselsGriffon,Dog,5,17.8,F,20.397,20.2926,PRJNA648123,NA,50.85034,4.35171,CC,Yes,-,small,chr15_41229597,GG
BrusselsGriffon04,BrusselsGriffon,Dog,5,17.8,F,20.397,20.2926,PRJNA648123,NA,50.85034,4.35171,CC,Yes,-,small,chr15_41229800,CC
BrusselsGriffon05,BrusselsGriffon,Dog,5,17.8,M,18.1019,10.2293,PRJNA648123,NA,50.85034,4.35171,CC,Yes,-,small,chr15_41216098,TT
BrusselsGriffon05,BrusselsGriffon,Dog,5,17.8,M,18.1019,10.2293,PRJNA648123,NA,50.85034,4.35171,CC,Yes,-,small,chr15_41216597,AA
BrusselsGriffon05,BrusselsGriffon,Dog,5,17.8,M,18.1019,10.2293,PRJNA648123,NA,50.85034,4.35171,CC,Yes,-,small,chr15_41217964,AA
BrusselsGriffon05,BrusselsGriffon,Dog,5,17.8,M,18.1019,10.2293,PRJNA648123,NA,50.85034,4.35171,CC,Yes,-,small,chr15_41217985,CC
BrusselsGriffon05,BrusselsGriffon,Dog,5,17.8,M,18.1019,10.2293,PRJNA648123,NA,50.85034,4.35171,CC,Yes,-,small,chr15_41219654,CC
BrusselsGriffon05,BrusselsGriffon,Dog,5,17.8,M,18.1019,10.2293,PRJNA648123,NA,50.85034,4.35171,CC,Yes,-,small,chr15_41221438,AA
BrusselsGriffon05,BrusselsGriffon,Dog,5,17.8,M,18.1019,10.2293,PRJNA648123,NA,50.85034,4.35171,CC,Yes,-,small,chr15_41227725,AA
BrusselsGriffon05,BrusselsGriffon,Dog,5,17.8,M,18.1019,10.2293,PRJNA648123,NA,50.85034,4.35171,CC,Yes,-,small,chr15_41228068,AA
BrusselsGriffon05,BrusselsGriffon,Dog,5,17.8,M,18.1019,10.2293,PRJNA648123,NA,50.85034,4.35171,CC,Yes,-,small,chr15_41229597,GG
BrusselsGriffon05,BrusselsGriffon,Dog,5,17.8,M,18.1019,10.2293,PRJNA648123,NA,50.85034,4.35171,CC,Yes,-,small,chr15_41229800,CC
Chihuahua01,Chihuahua,Dog,1.8,19,F,53.8916,54.5735,PRJNA448733,SAMN08872931,28.591757,-106.122437,CC,Yes,SMALL,small,chr15_41216098,TT
Chihuahua01,Chihuahua,Dog,1.8,19,F,53.8916,54.5735,PRJNA448733,SAMN08872931,28.591757,-106.122437,CC,Yes,SMALL,small,chr15_41216597,AA
Chihuahua01,Chihuahua,Dog,1.8,19,F,53.8916,54.5735,PRJNA448733,SAMN08872931,28.591757,-106.122437,CC,Yes,SMALL,small,chr15_41217964,AA
Chihuahua01,Chihuahua,Dog,1.8,19,F,53.8916,54.5735,PRJNA448733,SAMN08872931,28.591757,-106.122437,CC,Yes,SMALL,small,chr15_41217985,CC
Chihuahua01,Chihuahua,Dog,1.8,19,F,53.8916,54.5735,PRJNA448733,SAMN08872931,28.591757,-106.122437,CC,Yes,SMALL,small,chr15_41219654,CC
Chihuahua01,Chihuahua,Dog,1.8,19,F,53.8916,54.5735,PRJNA448733,SAMN08872931,28.591757,-106.122437,CC,Yes,SMALL,small,chr15_41221438,AA
Chihuahua01,Chihuahua,Dog,1.8,19,F,53.8916,54.5735,PRJNA448733,SAMN08872931,28.591757,-106.122437,CC,Yes,SMALL,small,chr15_41227725,AG
Chihuahua01,Chihuahua,Dog,1.8,19,F,53.8916,54.5735,PRJNA448733,SAMN08872931,28.591757,-106.122437,CC,Yes,SMALL,small,chr15_41228068,AG
Chihuahua01,Chihuahua,Dog,1.8,19,F,53.8916,54.5735,PRJNA448733,SAMN08872931,28.591757,-106.122437,CC,Yes,SMALL,small,chr15_41229597,GA
Chihuahua01,Chihuahua,Dog,1.8,19,F,53.8916,54.5735,PRJNA448733,SAMN08872931,28.591757,-106.122437,CC,Yes,SMALL,small,chr15_41229800,CT
Chihuahua03,Chihuahua,Dog,1.8,19,M,18.4128,10.3508,PRJNA266585,SAMN03168379,28.591757,-106.122437,CC,Yes,SMALL,small,chr15_41216098,TT
Chihuahua03,Chihuahua,Dog,1.8,19,M,18.4128,10.3508,PRJNA266585,SAMN03168379,28.591757,-106.122437,CC,Yes,SMALL,small,chr15_41216597,AA
Chihuahua03,Chihuahua,Dog,1.8,19,M,18.4128,10.3508,PRJNA266585,SAMN03168379,28.591757,-106.122437,CC,Yes,SMALL,small,chr15_41217964,AA
Chihuahua03,Chihuahua,Dog,1.8,19,M,18.4128,10.3508,PRJNA266585,SAMN03168379,28.591757,-106.122437,CC,Yes,SMALL,small,chr15_41217985,CC
Chihuahua03,Chihuahua,Dog,1.8,19,M,18.4128,10.3508,PRJNA266585,SAMN03168379,28.591757,-106.122437,CC,Yes,SMALL,small,chr15_41219654,CC
Chihuahua03,Chihuahua,Dog,1.8,19,M,18.4128,10.3508,PRJNA266585,SAMN03168379,28.591757,-106.122437,CC,Yes,SMALL,small,chr15_41221438,AA
Chihuahua03,Chihuahua,Dog,1.8,19,M,18.4128,10.3508,PRJNA266585,SAMN03168379,28.591757,-106.122437,CC,Yes,SMALL,small,chr15_41227725,AA
Chihuahua03,Chihuahua,Dog,1.8,19,M,18.4128,10.3508,PRJNA266585,SAMN03168379,28.591757,-106.122437,CC,Yes,SMALL,small,chr15_41228068,AA
Chihuahua03,Chihuahua,Dog,1.8,19,M,18.4128,10.3508,PRJNA266585,SAMN03168379,28.591757,-106.122437,CC,Yes,SMALL,small,chr15_41229597,GG
Chihuahua03,Chihuahua,Dog,1.8,19,M,18.4128,10.3508,PRJNA266585,SAMN03168379,28.591757,-106.122437,CC,Yes,SMALL,small,chr15_41229800,CC
Chihuahua05,Chihuahua,Dog,1.8,19,M,32.0361,17.1606,PRJEB13139,SAMEA3905753,28.591757,-106.122437,CC,Yes,SMALL,small,chr15_41216098,TT
Chihuahua05,Chihuahua,Dog,1.8,19,M,32.0361,17.1606,PRJEB13139,SAMEA3905753,28.591757,-106.122437,CC,Yes,SMALL,small,chr15_41216597,AA
Chihuahua05,Chihuahua,Dog,1.8,19,M,32.0361,17.1606,PRJEB13139,SAMEA3905753,28.591757,-106.122437,CC,Yes,SMALL,small,chr15_41217964,AA
Chihuahua05,Chihuahua,Dog,1.8,19,M,32.0361,17.1606,PRJEB13139,SAMEA3905753,28.591757,-106.122437,CC,Yes,SMALL,small,chr15_41217985,CC
Chihuahua05,Chihuahua,Dog,1.8,19,M,32.0361,17.1606,PRJEB13139,SAMEA3905753,28.591757,-106.122437,CC,Yes,SMALL,small,chr15_41219654,CC
Chihuahua05,Chihuahua,Dog,1.8,19,M,32.0361,17.1606,PRJEB13139,SAMEA3905753,28.591757,-106.122437,CC,Yes,SMALL,small,chr15_41221438,AA
Chihuahua05,Chihuahua,Dog,1.8,19,M,32.0361,17.1606,PRJEB13139,SAMEA3905753,28.591757,-106.122437,CC,Yes,SMALL,small,chr15_41227725,AA
Chihuahua05,Chihuahua,Dog,1.8,19,M,32.0361,17.1606,PRJEB13139,SAMEA3905753,28.591757,-106.122437,CC,Yes,SMALL,small,chr15_41228068,AA
Chihuahua05,Chihuahua,Dog,1.8,19,M,32.0361,17.1606,PRJEB13139,SAMEA3905753,28.591757,-106.122437,CC,Yes,SMALL,small,chr15_41229597,GG
Chihuahua05,Chihuahua,Dog,1.8,19,M,32.0361,17.1606,PRJEB13139,SAMEA3905753,28.591757,-106.122437,CC,Yes,SMALL,small,chr15_41229800,CC
EnglishMastiff01,EnglishMastiff,Dog,70.3,73,F,73.3827,73.9496,PRJNA448733,SAMN08873172,NA,NA,TT,Yes,TALL,large,chr15_41216098,CC
EnglishMastiff01,EnglishMastiff,Dog,70.3,73,F,73.3827,73.9496,PRJNA448733,SAMN08873172,NA,NA,TT,Yes,TALL,large,chr15_41216597,GG
EnglishMastiff01,EnglishMastiff,Dog,70.3,73,F,73.3827,73.9496,PRJNA448733,SAMN08873172,NA,NA,TT,Yes,TALL,large,chr15_41217964,CC
EnglishMastiff01,EnglishMastiff,Dog,70.3,73,F,73.3827,73.9496,PRJNA448733,SAMN08873172,NA,NA,TT,Yes,TALL,large,chr15_41217985,TT
EnglishMastiff01,EnglishMastiff,Dog,70.3,73,F,73.3827,73.9496,PRJNA448733,SAMN08873172,NA,NA,TT,Yes,TALL,large,chr15_41219654,TT
EnglishMastiff01,EnglishMastiff,Dog,70.3,73,F,73.3827,73.9496,PRJNA448733,SAMN08873172,NA,NA,TT,Yes,TALL,large,chr15_41221438,GG
EnglishMastiff01,EnglishMastiff,Dog,70.3,73,F,73.3827,73.9496,PRJNA448733,SAMN08873172,NA,NA,TT,Yes,TALL,large,chr15_41227725,GG
EnglishMastiff01,EnglishMastiff,Dog,70.3,73,F,73.3827,73.9496,PRJNA448733,SAMN08873172,NA,NA,TT,Yes,TALL,large,chr15_41228068,GG
EnglishMastiff01,EnglishMastiff,Dog,70.3,73,F,73.3827,73.9496,PRJNA448733,SAMN08873172,NA,NA,TT,Yes,TALL,large,chr15_41229597,AA
EnglishMastiff01,EnglishMastiff,Dog,70.3,73,F,73.3827,73.9496,PRJNA448733,SAMN08873172,NA,NA,TT,Yes,TALL,large,chr15_41229800,TT
EnglishMastiff02,EnglishMastiff,Dog,70.3,73,M,18.8333,10.5079,PRJNA263947,SAMN03580412,NA,NA,TT,Yes,TALL,large,chr15_41216098,CC
EnglishMastiff02,EnglishMastiff,Dog,70.3,73,M,18.8333,10.5079,PRJNA263947,SAMN03580412,NA,NA,TT,Yes,TALL,large,chr15_41216597,GG
EnglishMastiff02,EnglishMastiff,Dog,70.3,73,M,18.8333,10.5079,PRJNA263947,SAMN03580412,NA,NA,TT,Yes,TALL,large,chr15_41217964,CC
EnglishMastiff02,EnglishMastiff,Dog,70.3,73,M,18.8333,10.5079,PRJNA263947,SAMN03580412,NA,NA,TT,Yes,TALL,large,chr15_41217985,TT
EnglishMastiff02,EnglishMastiff,Dog,70.3,73,M,18.8333,10.5079,PRJNA263947,SAMN03580412,NA,NA,TT,Yes,TALL,large,chr15_41219654,TT
EnglishMastiff02,EnglishMastiff,Dog,70.3,73,M,18.8333,10.5079,PRJNA263947,SAMN03580412,NA,NA,TT,Yes,TALL,large,chr15_41221438,GG
EnglishMastiff02,EnglishMastiff,Dog,70.3,73,M,18.8333,10.5079,PRJNA263947,SAMN03580412,NA,NA,TT,Yes,TALL,large,chr15_41227725,GG
EnglishMastiff02,EnglishMastiff,Dog,70.3,73,M,18.8333,10.5079,PRJNA263947,SAMN03580412,NA,NA,TT,Yes,TALL,large,chr15_41228068,GG
EnglishMastiff02,EnglishMastiff,Dog,70.3,73,M,18.8333,10.5079,PRJNA263947,SAMN03580412,NA,NA,TT,Yes,TALL,large,chr15_41229597,AA
EnglishMastiff02,EnglishMastiff,Dog,70.3,73,M,18.8333,10.5079,PRJNA263947,SAMN03580412,NA,NA,TT,Yes,TALL,large,chr15_41229800,TT
EnglishMastiff05,EnglishMastiff,Dog,70.3,73,M,25.8694,14.3813,PRJNA263947,SAMN12700531,NA,NA,TT,Yes,-,large,chr15_41216098,CC
EnglishMastiff05,EnglishMastiff,Dog,70.3,73,M,25.8694,14.3813,PRJNA263947,SAMN12700531,NA,NA,TT,Yes,-,large,chr15_41216597,GG
EnglishMastiff05,EnglishMastiff,Dog,70.3,73,M,25.8694,14.3813,PRJNA263947,SAMN12700531,NA,NA,TT,Yes,-,large,chr15_41217964,CC
EnglishMastiff05,EnglishMastiff,Dog,70.3,73,M,25.8694,14.3813,PRJNA263947,SAMN12700531,NA,NA,TT,Yes,-,large,chr15_41217985,TT
EnglishMastiff05,EnglishMastiff,Dog,70.3,73,M,25.8694,14.3813,PRJNA263947,SAMN12700531,NA,NA,TT,Yes,-,large,chr15_41219654,TT
EnglishMastiff05,EnglishMastiff,Dog,70.3,73,M,25.8694,14.3813,PRJNA263947,SAMN12700531,NA,NA,TT,Yes,-,large,chr15_41221438,GG
EnglishMastiff05,EnglishMastiff,Dog,70.3,73,M,25.8694,14.3813,PRJNA263947,SAMN12700531,NA,NA,TT,Yes,-,large,chr15_41227725,GG
EnglishMastiff05,EnglishMastiff,Dog,70.3,73,M,25.8694,14.3813,PRJNA263947,SAMN12700531,NA,NA,TT,Yes,-,large,chr15_41228068,GG
EnglishMastiff05,EnglishMastiff,Dog,70.3,73,M,25.8694,14.3813,PRJNA263947,SAMN12700531,NA,NA,TT,Yes,-,large,chr15_41229597,AA
EnglishMastiff05,EnglishMastiff,Dog,70.3,73,M,25.8694,14.3813,PRJNA263947,SAMN12700531,NA,NA,TT,Yes,-,large,chr15_41229800,TT
CFA.107837,GreatDane,Dog,62.4,78.7,M,33.8536,18.7404,PRJNA263947,SAMN06159672,52.505,13.573,TT,Yes,TALL,large,chr15_41216098,CC
CFA.107837,GreatDane,Dog,62.4,78.7,M,33.8536,18.7404,PRJNA263947,SAMN06159672,52.505,13.573,TT,Yes,TALL,large,chr15_41216597,GG
CFA.107837,GreatDane,Dog,62.4,78.7,M,33.8536,18.7404,PRJNA263947,SAMN06159672,52.505,13.573,TT,Yes,TALL,large,chr15_41217964,CC
CFA.107837,GreatDane,Dog,62.4,78.7,M,33.8536,18.7404,PRJNA263947,SAMN06159672,52.505,13.573,TT,Yes,TALL,large,chr15_41217985,TT
CFA.107837,GreatDane,Dog,62.4,78.7,M,33.8536,18.7404,PRJNA263947,SAMN06159672,52.505,13.573,TT,Yes,TALL,large,chr15_41219654,TT
CFA.107837,GreatDane,Dog,62.4,78.7,M,33.8536,18.7404,PRJNA263947,SAMN06159672,52.505,13.573,TT,Yes,TALL,large,chr15_41221438,GG
CFA.107837,GreatDane,Dog,62.4,78.7,M,33.8536,18.7404,PRJNA263947,SAMN06159672,52.505,13.573,TT,Yes,TALL,large,chr15_41227725,GG
CFA.107837,GreatDane,Dog,62.4,78.7,M,33.8536,18.7404,PRJNA263947,SAMN06159672,52.505,13.573,TT,Yes,TALL,large,chr15_41228068,GG
CFA.107837,GreatDane,Dog,62.4,78.7,M,33.8536,18.7404,PRJNA263947,SAMN06159672,52.505,13.573,TT,Yes,TALL,large,chr15_41229597,AA
CFA.107837,GreatDane,Dog,62.4,78.7,M,33.8536,18.7404,PRJNA263947,SAMN06159672,52.505,13.573,TT,Yes,TALL,large,chr15_41229800,TT
CFA.117997,GreatDane,Dog,62.4,78.7,F,40.9899,40.1732,PRJNA263947,SAMN06159683,52.505,13.573,TT,Yes,TALL,large,chr15_41216098,CC
CFA.117997,GreatDane,Dog,62.4,78.7,F,40.9899,40.1732,PRJNA263947,SAMN06159683,52.505,13.573,TT,Yes,TALL,large,chr15_41216597,GG
CFA.117997,GreatDane,Dog,62.4,78.7,F,40.9899,40.1732,PRJNA263947,SAMN06159683,52.505,13.573,TT,Yes,TALL,large,chr15_41217964,CC
CFA.117997,GreatDane,Dog,62.4,78.7,F,40.9899,40.1732,PRJNA263947,SAMN06159683,52.505,13.573,TT,Yes,TALL,large,chr15_41217985,TT
CFA.117997,GreatDane,Dog,62.4,78.7,F,40.9899,40.1732,PRJNA263947,SAMN06159683,52.505,13.573,TT,Yes,TALL,large,chr15_41219654,TT
CFA.117997,GreatDane,Dog,62.4,78.7,F,40.9899,40.1732,PRJNA263947,SAMN06159683,52.505,13.573,TT,Yes,TALL,large,chr15_41221438,GG
CFA.117997,GreatDane,Dog,62.4,78.7,F,40.9899,40.1732,PRJNA263947,SAMN06159683,52.505,13.573,TT,Yes,TALL,large,chr15_41227725,GG
CFA.117997,GreatDane,Dog,62.4,78.7,F,40.9899,40.1732,PRJNA263947,SAMN06159683,52.505,13.573,TT,Yes,TALL,large,chr15_41228068,GG
CFA.117997,GreatDane,Dog,62.4,78.7,F,40.9899,40.1732,PRJNA263947,SAMN06159683,52.505,13.573,TT,Yes,TALL,large,chr15_41229597,AA
CFA.117997,GreatDane,Dog,62.4,78.7,F,40.9899,40.1732,PRJNA263947,SAMN06159683,52.505,13.573,TT,Yes,TALL,large,chr15_41229800,TT
DD116,GreatDane,Dog,62.4,78.7,M,33.8165,18.8339,PRJEB16012,SAMEA104091557,52.505,13.573,TT,Yes,TALL,large,chr15_41216098,CC
DD116,GreatDane,Dog,62.4,78.7,M,33.8165,18.8339,PRJEB16012,SAMEA104091557,52.505,13.573,TT,Yes,TALL,large,chr15_41216597,GG
DD116,GreatDane,Dog,62.4,78.7,M,33.8165,18.8339,PRJEB16012,SAMEA104091557,52.505,13.573,TT,Yes,TALL,large,chr15_41217964,CC
DD116,GreatDane,Dog,62.4,78.7,M,33.8165,18.8339,PRJEB16012,SAMEA104091557,52.505,13.573,TT,Yes,TALL,large,chr15_41217985,TT
DD116,GreatDane,Dog,62.4,78.7,M,33.8165,18.8339,PRJEB16012,SAMEA104091557,52.505,13.573,TT,Yes,TALL,large,chr15_41219654,TT
DD116,GreatDane,Dog,62.4,78.7,M,33.8165,18.8339,PRJEB16012,SAMEA104091557,52.505,13.573,TT,Yes,TALL,large,chr15_41221438,GG
DD116,GreatDane,Dog,62.4,78.7,M,33.8165,18.8339,PRJEB16012,SAMEA104091557,52.505,13.573,TT,Yes,TALL,large,chr15_41227725,GG
DD116,GreatDane,Dog,62.4,78.7,M,33.8165,18.8339,PRJEB16012,SAMEA104091557,52.505,13.573,TT,Yes,TALL,large,chr15_41228068,GG
DD116,GreatDane,Dog,62.4,78.7,M,33.8165,18.8339,PRJEB16012,SAMEA104091557,52.505,13.573,TT,Yes,TALL,large,chr15_41229597,AA
DD116,GreatDane,Dog,62.4,78.7,M,33.8165,18.8339,PRJEB16012,SAMEA104091557,52.505,13.573,TT,Yes,TALL,large,chr15_41229800,TT
GreatDane01,GreatDane,Dog,62.4,78.7,F,61.0202,62.5836,PRJNA448733,SAMN08873058,52.505,13.573,TT,Yes,TALL,large,chr15_41216098,CC
GreatDane01,GreatDane,Dog,62.4,78.7,F,61.0202,62.5836,PRJNA448733,SAMN08873058,52.505,13.573,TT,Yes,TALL,large,chr15_41216597,GG
GreatDane01,GreatDane,Dog,62.4,78.7,F,61.0202,62.5836,PRJNA448733,SAMN08873058,52.505,13.573,TT,Yes,TALL,large,chr15_41217964,CC
GreatDane01,GreatDane,Dog,62.4,78.7,F,61.0202,62.5836,PRJNA448733,SAMN08873058,52.505,13.573,TT,Yes,TALL,large,chr15_41217985,TT
GreatDane01,GreatDane,Dog,62.4,78.7,F,61.0202,62.5836,PRJNA448733,SAMN08873058,52.505,13.573,TT,Yes,TALL,large,chr15_41219654,TT
GreatDane01,GreatDane,Dog,62.4,78.7,F,61.0202,62.5836,PRJNA448733,SAMN08873058,52.505,13.573,TT,Yes,TALL,large,chr15_41221438,GG
GreatDane01,GreatDane,Dog,62.4,78.7,F,61.0202,62.5836,PRJNA448733,SAMN08873058,52.505,13.573,TT,Yes,TALL,large,chr15_41227725,GG
GreatDane01,GreatDane,Dog,62.4,78.7,F,61.0202,62.5836,PRJNA448733,SAMN08873058,52.505,13.573,TT,Yes,TALL,large,chr15_41228068,GG
GreatDane01,GreatDane,Dog,62.4,78.7,F,61.0202,62.5836,PRJNA448733,SAMN08873058,52.505,13.573,TT,Yes,TALL,large,chr15_41229597,AA
GreatDane01,GreatDane,Dog,62.4,78.7,F,61.0202,62.5836,PRJNA448733,SAMN08873058,52.505,13.573,TT,Yes,TALL,large,chr15_41229800,TT
IrishWolfhound01,IrishWolfhound,Dog,51,78.7,F,41.0306,41.3515,PRJNA448733,SAMN08873118,53.346,-6.345,TT,Yes,TALL,large,chr15_41216098,CC
IrishWolfhound01,IrishWolfhound,Dog,51,78.7,F,41.0306,41.3515,PRJNA448733,SAMN08873118,53.346,-6.345,TT,Yes,TALL,large,chr15_41216597,GG
IrishWolfhound01,IrishWolfhound,Dog,51,78.7,F,41.0306,41.3515,PRJNA448733,SAMN08873118,53.346,-6.345,TT,Yes,TALL,large,chr15_41217964,CC
IrishWolfhound01,IrishWolfhound,Dog,51,78.7,F,41.0306,41.3515,PRJNA448733,SAMN08873118,53.346,-6.345,TT,Yes,TALL,large,chr15_41217985,TT
IrishWolfhound01,IrishWolfhound,Dog,51,78.7,F,41.0306,41.3515,PRJNA448733,SAMN08873118,53.346,-6.345,TT,Yes,TALL,large,chr15_41219654,TT
IrishWolfhound01,IrishWolfhound,Dog,51,78.7,F,41.0306,41.3515,PRJNA448733,SAMN08873118,53.346,-6.345,TT,Yes,TALL,large,chr15_41221438,GG
IrishWolfhound01,IrishWolfhound,Dog,51,78.7,F,41.0306,41.3515,PRJNA448733,SAMN08873118,53.346,-6.345,TT,Yes,TALL,large,chr15_41227725,GG
IrishWolfhound01,IrishWolfhound,Dog,51,78.7,F,41.0306,41.3515,PRJNA448733,SAMN08873118,53.346,-6.345,TT,Yes,TALL,large,chr15_41228068,GG
IrishWolfhound01,IrishWolfhound,Dog,51,78.7,F,41.0306,41.3515,PRJNA448733,SAMN08873118,53.346,-6.345,TT,Yes,TALL,large,chr15_41229597,AA
IrishWolfhound01,IrishWolfhound,Dog,51,78.7,F,41.0306,41.3515,PRJNA448733,SAMN08873118,53.346,-6.345,TT,Yes,TALL,large,chr15_41229800,TT
Landseer01,Landseer,Dog,56.5,73.5,M,23.8103,13.2171,PRJEB7734,SAMEA3121328,NA,NA,TT,Yes,-,large,chr15_41216098,TC
Landseer01,Landseer,Dog,56.5,73.5,M,23.8103,13.2171,PRJEB7734,SAMEA3121328,NA,NA,TT,Yes,-,large,chr15_41216597,AG
Landseer01,Landseer,Dog,56.5,73.5,M,23.8103,13.2171,PRJEB7734,SAMEA3121328,NA,NA,TT,Yes,-,large,chr15_41217964,AC
Landseer01,Landseer,Dog,56.5,73.5,M,23.8103,13.2171,PRJEB7734,SAMEA3121328,NA,NA,TT,Yes,-,large,chr15_41217985,CT
Landseer01,Landseer,Dog,56.5,73.5,M,23.8103,13.2171,PRJEB7734,SAMEA3121328,NA,NA,TT,Yes,-,large,chr15_41219654,TT
Landseer01,Landseer,Dog,56.5,73.5,M,23.8103,13.2171,PRJEB7734,SAMEA3121328,NA,NA,TT,Yes,-,large,chr15_41221438,AG
Landseer01,Landseer,Dog,56.5,73.5,M,23.8103,13.2171,PRJEB7734,SAMEA3121328,NA,NA,TT,Yes,-,large,chr15_41227725,AA
Landseer01,Landseer,Dog,56.5,73.5,M,23.8103,13.2171,PRJEB7734,SAMEA3121328,NA,NA,TT,Yes,-,large,chr15_41228068,AG
Landseer01,Landseer,Dog,56.5,73.5,M,23.8103,13.2171,PRJEB7734,SAMEA3121328,NA,NA,TT,Yes,-,large,chr15_41229597,GA
Landseer01,Landseer,Dog,56.5,73.5,M,23.8103,13.2171,PRJEB7734,SAMEA3121328,NA,NA,TT,Yes,-,large,chr15_41229800,CT
Pekingese01,Pekingese,Dog,4.1,19,F,62.8757,63.6693,PRJNA448733,SAMN08873208,39.916,116.398,CC,Yes,SMALL,small,chr15_41216098,TT
Pekingese01,Pekingese,Dog,4.1,19,F,62.8757,63.6693,PRJNA448733,SAMN08873208,39.916,116.398,CC,Yes,SMALL,small,chr15_41216597,AA
Pekingese01,Pekingese,Dog,4.1,19,F,62.8757,63.6693,PRJNA448733,SAMN08873208,39.916,116.398,CC,Yes,SMALL,small,chr15_41217964,AA
Pekingese01,Pekingese,Dog,4.1,19,F,62.8757,63.6693,PRJNA448733,SAMN08873208,39.916,116.398,CC,Yes,SMALL,small,chr15_41217985,CC
Pekingese01,Pekingese,Dog,4.1,19,F,62.8757,63.6693,PRJNA448733,SAMN08873208,39.916,116.398,CC,Yes,SMALL,small,chr15_41219654,CC
Pekingese01,Pekingese,Dog,4.1,19,F,62.8757,63.6693,PRJNA448733,SAMN08873208,39.916,116.398,CC,Yes,SMALL,small,chr15_41221438,AA
Pekingese01,Pekingese,Dog,4.1,19,F,62.8757,63.6693,PRJNA448733,SAMN08873208,39.916,116.398,CC,Yes,SMALL,small,chr15_41227725,AA
Pekingese01,Pekingese,Dog,4.1,19,F,62.8757,63.6693,PRJNA448733,SAMN08873208,39.916,116.398,CC,Yes,SMALL,small,chr15_41228068,AA
Pekingese01,Pekingese,Dog,4.1,19,F,62.8757,63.6693,PRJNA448733,SAMN08873208,39.916,116.398,CC,Yes,SMALL,small,chr15_41229597,GG
Pekingese01,Pekingese,Dog,4.1,19,F,62.8757,63.6693,PRJNA448733,SAMN08873208,39.916,116.398,CC,Yes,SMALL,small,chr15_41229800,CC
Pomeranian01,Pomeranian,Dog,2.7,20,M,23.7149,13.3859,PRJEB16012,SAMEA4506892,53.415,14.57,CC,Yes,SMALL,small,chr15_41216098,CC
Pomeranian01,Pomeranian,Dog,2.7,20,M,23.7149,13.3859,PRJEB16012,SAMEA4506892,53.415,14.57,CC,Yes,SMALL,small,chr15_41216597,GG
Pomeranian01,Pomeranian,Dog,2.7,20,M,23.7149,13.3859,PRJEB16012,SAMEA4506892,53.415,14.57,CC,Yes,SMALL,small,chr15_41217964,CC
Pomeranian01,Pomeranian,Dog,2.7,20,M,23.7149,13.3859,PRJEB16012,SAMEA4506892,53.415,14.57,CC,Yes,SMALL,small,chr15_41217985,TT
Pomeranian01,Pomeranian,Dog,2.7,20,M,23.7149,13.3859,PRJEB16012,SAMEA4506892,53.415,14.57,CC,Yes,SMALL,small,chr15_41219654,CC
Pomeranian01,Pomeranian,Dog,2.7,20,M,23.7149,13.3859,PRJEB16012,SAMEA4506892,53.415,14.57,CC,Yes,SMALL,small,chr15_41221438,GG
Pomeranian01,Pomeranian,Dog,2.7,20,M,23.7149,13.3859,PRJEB16012,SAMEA4506892,53.415,14.57,CC,Yes,SMALL,small,chr15_41227725,GG
Pomeranian01,Pomeranian,Dog,2.7,20,M,23.7149,13.3859,PRJEB16012,SAMEA4506892,53.415,14.57,CC,Yes,SMALL,small,chr15_41228068,GG
Pomeranian01,Pomeranian,Dog,2.7,20,M,23.7149,13.3859,PRJEB16012,SAMEA4506892,53.415,14.57,CC,Yes,SMALL,small,chr15_41229597,AA
Pomeranian01,Pomeranian,Dog,2.7,20,M,23.7149,13.3859,PRJEB16012,SAMEA4506892,53.415,14.57,CC,Yes,SMALL,small,chr15_41229800,TT
Pomeranian02,Pomeranian,Dog,2.7,20,M,36.9116,20.504,PRJNA263947,SAMN10940780,53.415,14.57,CC,Yes,SMALL,small,chr15_41216098,TT
Pomeranian02,Pomeranian,Dog,2.7,20,M,36.9116,20.504,PRJNA263947,SAMN10940780,53.415,14.57,CC,Yes,SMALL,small,chr15_41216597,AA
Pomeranian02,Pomeranian,Dog,2.7,20,M,36.9116,20.504,PRJNA263947,SAMN10940780,53.415,14.57,CC,Yes,SMALL,small,chr15_41217964,AA
Pomeranian02,Pomeranian,Dog,2.7,20,M,36.9116,20.504,PRJNA263947,SAMN10940780,53.415,14.57,CC,Yes,SMALL,small,chr15_41217985,CC
Pomeranian02,Pomeranian,Dog,2.7,20,M,36.9116,20.504,PRJNA263947,SAMN10940780,53.415,14.57,CC,Yes,SMALL,small,chr15_41219654,CC
Pomeranian02,Pomeranian,Dog,2.7,20,M,36.9116,20.504,PRJNA263947,SAMN10940780,53.415,14.57,CC,Yes,SMALL,small,chr15_41221438,AA
Pomeranian02,Pomeranian,Dog,2.7,20,M,36.9116,20.504,PRJNA263947,SAMN10940780,53.415,14.57,CC,Yes,SMALL,small,chr15_41227725,AA
Pomeranian02,Pomeranian,Dog,2.7,20,M,36.9116,20.504,PRJNA263947,SAMN10940780,53.415,14.57,CC,Yes,SMALL,small,chr15_41228068,AA
Pomeranian02,Pomeranian,Dog,2.7,20,M,36.9116,20.504,PRJNA263947,SAMN10940780,53.415,14.57,CC,Yes,SMALL,small,chr15_41229597,GG
Pomeranian02,Pomeranian,Dog,2.7,20,M,36.9116,20.504,PRJNA263947,SAMN10940780,53.415,14.57,CC,Yes,SMALL,small,chr15_41229800,CC
ScottishDeerhound01,ScottishDeerhound,Dog,41.4,74.9,M,25.1356,14.0654,PRJNA263947,SAMN03580401,55.951,-3.186,TT,Yes,TALL,large,chr15_41216098,TT
ScottishDeerhound01,ScottishDeerhound,Dog,41.4,74.9,M,25.1356,14.0654,PRJNA263947,SAMN03580401,55.951,-3.186,TT,Yes,TALL,large,chr15_41216597,AA
ScottishDeerhound01,ScottishDeerhound,Dog,41.4,74.9,M,25.1356,14.0654,PRJNA263947,SAMN03580401,55.951,-3.186,TT,Yes,TALL,large,chr15_41217964,AA
ScottishDeerhound01,ScottishDeerhound,Dog,41.4,74.9,M,25.1356,14.0654,PRJNA263947,SAMN03580401,55.951,-3.186,TT,Yes,TALL,large,chr15_41217985,CC
ScottishDeerhound01,ScottishDeerhound,Dog,41.4,74.9,M,25.1356,14.0654,PRJNA263947,SAMN03580401,55.951,-3.186,TT,Yes,TALL,large,chr15_41219654,TT
ScottishDeerhound01,ScottishDeerhound,Dog,41.4,74.9,M,25.1356,14.0654,PRJNA263947,SAMN03580401,55.951,-3.186,TT,Yes,TALL,large,chr15_41221438,AA
ScottishDeerhound01,ScottishDeerhound,Dog,41.4,74.9,M,25.1356,14.0654,PRJNA263947,SAMN03580401,55.951,-3.186,TT,Yes,TALL,large,chr15_41227725,AA
ScottishDeerhound01,ScottishDeerhound,Dog,41.4,74.9,M,25.1356,14.0654,PRJNA263947,SAMN03580401,55.951,-3.186,TT,Yes,TALL,large,chr15_41228068,AA
ScottishDeerhound01,ScottishDeerhound,Dog,41.4,74.9,M,25.1356,14.0654,PRJNA263947,SAMN03580401,55.951,-3.186,TT,Yes,TALL,large,chr15_41229597,GG
ScottishDeerhound01,ScottishDeerhound,Dog,41.4,74.9,M,25.1356,14.0654,PRJNA263947,SAMN03580401,55.951,-3.186,TT,Yes,TALL,large,chr15_41229800,CC
ScottishDeerhound08,ScottishDeerhound,Dog,41.4,74.9,F,54.8684,54.7545,PRJNA685036,NA,55.951,-3.186,TT,Yes,-,large,chr15_41216098,CC
ScottishDeerhound08,ScottishDeerhound,Dog,41.4,74.9,F,54.8684,54.7545,PRJNA685036,NA,55.951,-3.186,TT,Yes,-,large,chr15_41216597,GG
ScottishDeerhound08,ScottishDeerhound,Dog,41.4,74.9,F,54.8684,54.7545,PRJNA685036,NA,55.951,-3.186,TT,Yes,-,large,chr15_41217964,CC
ScottishDeerhound08,ScottishDeerhound,Dog,41.4,74.9,F,54.8684,54.7545,PRJNA685036,NA,55.951,-3.186,TT,Yes,-,large,chr15_41217985,TT
ScottishDeerhound08,ScottishDeerhound,Dog,41.4,74.9,F,54.8684,54.7545,PRJNA685036,NA,55.951,-3.186,TT,Yes,-,large,chr15_41219654,TT
ScottishDeerhound08,ScottishDeerhound,Dog,41.4,74.9,F,54.8684,54.7545,PRJNA685036,NA,55.951,-3.186,TT,Yes,-,large,chr15_41221438,GG
ScottishDeerhound08,ScottishDeerhound,Dog,41.4,74.9,F,54.8684,54.7545,PRJNA685036,NA,55.951,-3.186,TT,Yes,-,large,chr15_41227725,GG
ScottishDeerhound08,ScottishDeerhound,Dog,41.4,74.9,F,54.8684,54.7545,PRJNA685036,NA,55.951,-3.186,TT,Yes,-,large,chr15_41228068,GG
ScottishDeerhound08,ScottishDeerhound,Dog,41.4,74.9,F,54.8684,54.7545,PRJNA685036,NA,55.951,-3.186,TT,Yes,-,large,chr15_41229597,AA
ScottishDeerhound08,ScottishDeerhound,Dog,41.4,74.9,F,54.8684,54.7545,PRJNA685036,NA,55.951,-3.186,TT,Yes,-,large,chr15_41229800,TT
ScottishDeerhound10,ScottishDeerhound,Dog,41.4,74.9,F,51.0758,50.9543,PRJNA685036,NA,55.951,-3.186,TT,Yes,-,large,chr15_41216098,CC
ScottishDeerhound10,ScottishDeerhound,Dog,41.4,74.9,F,51.0758,50.9543,PRJNA685036,NA,55.951,-3.186,TT,Yes,-,large,chr15_41216597,GG
ScottishDeerhound10,ScottishDeerhound,Dog,41.4,74.9,F,51.0758,50.9543,PRJNA685036,NA,55.951,-3.186,TT,Yes,-,large,chr15_41217964,CC
ScottishDeerhound10,ScottishDeerhound,Dog,41.4,74.9,F,51.0758,50.9543,PRJNA685036,NA,55.951,-3.186,TT,Yes,-,large,chr15_41217985,TT
ScottishDeerhound10,ScottishDeerhound,Dog,41.4,74.9,F,51.0758,50.9543,PRJNA685036,NA,55.951,-3.186,TT,Yes,-,large,chr15_41219654,TT
ScottishDeerhound10,ScottishDeerhound,Dog,41.4,74.9,F,51.0758,50.9543,PRJNA685036,NA,55.951,-3.186,TT,Yes,-,large,chr15_41221438,GG
ScottishDeerhound10,ScottishDeerhound,Dog,41.4,74.9,F,51.0758,50.9543,PRJNA685036,NA,55.951,-3.186,TT,Yes,-,large,chr15_41227725,GG
ScottishDeerhound10,ScottishDeerhound,Dog,41.4,74.9,F,51.0758,50.9543,PRJNA685036,NA,55.951,-3.186,TT,Yes,-,large,chr15_41228068,GG
ScottishDeerhound10,ScottishDeerhound,Dog,41.4,74.9,F,51.0758,50.9543,PRJNA685036,NA,55.951,-3.186,TT,Yes,-,large,chr15_41229597,AA
ScottishDeerhound10,ScottishDeerhound,Dog,41.4,74.9,F,51.0758,50.9543,PRJNA685036,NA,55.951,-3.186,TT,Yes,-,large,chr15_41229800,TT
BAN00041,YorkshireTerrier,Dog,3.2,16.5,M,22.8335,12.9493,PRJNA448733,SAMN08873450,52.467,-1.917,CC,Yes,SMALL,small,chr15_41216098,TT
BAN00041,YorkshireTerrier,Dog,3.2,16.5,M,22.8335,12.9493,PRJNA448733,SAMN08873450,52.467,-1.917,CC,Yes,SMALL,small,chr15_41216597,AA
BAN00041,YorkshireTerrier,Dog,3.2,16.5,M,22.8335,12.9493,PRJNA448733,SAMN08873450,52.467,-1.917,CC,Yes,SMALL,small,chr15_41217964,AA
BAN00041,YorkshireTerrier,Dog,3.2,16.5,M,22.8335,12.9493,PRJNA448733,SAMN08873450,52.467,-1.917,CC,Yes,SMALL,small,chr15_41217985,CC
BAN00041,YorkshireTerrier,Dog,3.2,16.5,M,22.8335,12.9493,PRJNA448733,SAMN08873450,52.467,-1.917,CC,Yes,SMALL,small,chr15_41219654,CC
BAN00041,YorkshireTerrier,Dog,3.2,16.5,M,22.8335,12.9493,PRJNA448733,SAMN08873450,52.467,-1.917,CC,Yes,SMALL,small,chr15_41221438,AA
BAN00041,YorkshireTerrier,Dog,3.2,16.5,M,22.8335,12.9493,PRJNA448733,SAMN08873450,52.467,-1.917,CC,Yes,SMALL,small,chr15_41227725,AG
BAN00041,YorkshireTerrier,Dog,3.2,16.5,M,22.8335,12.9493,PRJNA448733,SAMN08873450,52.467,-1.917,CC,Yes,SMALL,small,chr15_41228068,AG
BAN00041,YorkshireTerrier,Dog,3.2,16.5,M,22.8335,12.9493,PRJNA448733,SAMN08873450,52.467,-1.917,CC,Yes,SMALL,small,chr15_41229597,GA
BAN00041,YorkshireTerrier,Dog,3.2,16.5,M,22.8335,12.9493,PRJNA448733,SAMN08873450,52.467,-1.917,CC,Yes,SMALL,small,chr15_41229800,CT
PER00075,YorkshireTerrier,Dog,3.2,16.5,F,26.5454,27.3537,PRJNA448733,SAMN08873470,52.467,-1.917,CC,Yes,SMALL,small,chr15_41216098,TT
PER00075,YorkshireTerrier,Dog,3.2,16.5,F,26.5454,27.3537,PRJNA448733,SAMN08873470,52.467,-1.917,CC,Yes,SMALL,small,chr15_41216597,AA
PER00075,YorkshireTerrier,Dog,3.2,16.5,F,26.5454,27.3537,PRJNA448733,SAMN08873470,52.467,-1.917,CC,Yes,SMALL,small,chr15_41217964,AA
PER00075,YorkshireTerrier,Dog,3.2,16.5,F,26.5454,27.3537,PRJNA448733,SAMN08873470,52.467,-1.917,CC,Yes,SMALL,small,chr15_41217985,CC
PER00075,YorkshireTerrier,Dog,3.2,16.5,F,26.5454,27.3537,PRJNA448733,SAMN08873470,52.467,-1.917,CC,Yes,SMALL,small,chr15_41219654,CC
PER00075,YorkshireTerrier,Dog,3.2,16.5,F,26.5454,27.3537,PRJNA448733,SAMN08873470,52.467,-1.917,CC,Yes,SMALL,small,chr15_41221438,AA
PER00075,YorkshireTerrier,Dog,3.2,16.5,F,26.5454,27.3537,PRJNA448733,SAMN08873470,52.467,-1.917,CC,Yes,SMALL,small,chr15_41227725,AA
PER00075,YorkshireTerrier,Dog,3.2,16.5,F,26.5454,27.3537,PRJNA448733,SAMN08873470,52.467,-1.917,CC,Yes,SMALL,small,chr15_41228068,AA
PER00075,YorkshireTerrier,Dog,3.2,16.5,F,26.5454,27.3537,PRJNA448733,SAMN08873470,52.467,-1.917,CC,Yes,SMALL,small,chr15_41229597,GG
PER00075,YorkshireTerrier,Dog,3.2,16.5,F,26.5454,27.3537,PRJNA448733,SAMN08873470,52.467,-1.917,CC,Yes,SMALL,small,chr15_41229800,CC
PER00204,YorkshireTerrier,Dog,3.2,16.5,F,26.5229,27.2849,PRJNA448733,SAMN08873476,52.467,-1.917,CC,Yes,SMALL,small,chr15_41216098,TT
PER00204,YorkshireTerrier,Dog,3.2,16.5,F,26.5229,27.2849,PRJNA448733,SAMN08873476,52.467,-1.917,CC,Yes,SMALL,small,chr15_41216597,AA
PER00204,YorkshireTerrier,Dog,3.2,16.5,F,26.5229,27.2849,PRJNA448733,SAMN08873476,52.467,-1.917,CC,Yes,SMALL,small,chr15_41217964,AA
PER00204,YorkshireTerrier,Dog,3.2,16.5,F,26.5229,27.2849,PRJNA448733,SAMN08873476,52.467,-1.917,CC,Yes,SMALL,small,chr15_41217985,CC
PER00204,YorkshireTerrier,Dog,3.2,16.5,F,26.5229,27.2849,PRJNA448733,SAMN08873476,52.467,-1.917,CC,Yes,SMALL,small,chr15_41219654,CC
PER00204,YorkshireTerrier,Dog,3.2,16.5,F,26.5229,27.2849,PRJNA448733,SAMN08873476,52.467,-1.917,CC,Yes,SMALL,small,chr15_41221438,AA
PER00204,YorkshireTerrier,Dog,3.2,16.5,F,26.5229,27.2849,PRJNA448733,SAMN08873476,52.467,-1.917,CC,Yes,SMALL,small,chr15_41227725,AG
PER00204,YorkshireTerrier,Dog,3.2,16.5,F,26.5229,27.2849,PRJNA448733,SAMN08873476,52.467,-1.917,CC,Yes,SMALL,small,chr15_41228068,AG
PER00204,YorkshireTerrier,Dog,3.2,16.5,F,26.5229,27.2849,PRJNA448733,SAMN08873476,52.467,-1.917,CC,Yes,SMALL,small,chr15_41229597,GA
PER00204,YorkshireTerrier,Dog,3.2,16.5,F,26.5229,27.2849,PRJNA448733,SAMN08873476,52.467,-1.917,CC,Yes,SMALL,small,chr15_41229800,CT
YorkshireTerrier02,YorkshireTerrier,Dog,3.2,16.5,M,32.9757,18.4432,PRJNA299099,SAMN04195509,52.467,-1.917,CC,Yes,SMALL,small,chr15_41216098,TT
YorkshireTerrier02,YorkshireTerrier,Dog,3.2,16.5,M,32.9757,18.4432,PRJNA299099,SAMN04195509,52.467,-1.917,CC,Yes,SMALL,small,chr15_41216597,AA
YorkshireTerrier02,YorkshireTerrier,Dog,3.2,16.5,M,32.9757,18.4432,PRJNA299099,SAMN04195509,52.467,-1.917,CC,Yes,SMALL,small,chr15_41217964,AA
YorkshireTerrier02,YorkshireTerrier,Dog,3.2,16.5,M,32.9757,18.4432,PRJNA299099,SAMN04195509,52.467,-1.917,CC,Yes,SMALL,small,chr15_41217985,CC
YorkshireTerrier02,YorkshireTerrier,Dog,3.2,16.5,M,32.9757,18.4432,PRJNA299099,SAMN04195509,52.467,-1.917,CC,Yes,SMALL,small,chr15_41219654,CC
YorkshireTerrier02,YorkshireTerrier,Dog,3.2,16.5,M,32.9757,18.4432,PRJNA299099,SAMN04195509,52.467,-1.917,CC,Yes,SMALL,small,chr15_41221438,AA
YorkshireTerrier02,YorkshireTerrier,Dog,3.2,16.5,M,32.9757,18.4432,PRJNA299099,SAMN04195509,52.467,-1.917,CC,Yes,SMALL,small,chr15_41227725,AA
YorkshireTerrier02,YorkshireTerrier,Dog,3.2,16.5,M,32.9757,18.4432,PRJNA299099,SAMN04195509,52.467,-1.917,CC,Yes,SMALL,small,chr15_41228068,AA
YorkshireTerrier02,YorkshireTerrier,Dog,3.2,16.5,M,32.9757,18.4432,PRJNA299099,SAMN04195509,52.467,-1.917,CC,Yes,SMALL,small,chr15_41229597,GG
YorkshireTerrier02,YorkshireTerrier,Dog,3.2,16.5,M,32.9757,18.4432,PRJNA299099,SAMN04195509,52.467,-1.917,CC,Yes,SMALL,small,chr15_41229800,CC
