breed,body_mass_kg,height_cm,sex,longitude,latitude,igf1_as_genotype,used_for_gwas,chr15_41216098,chr15_41216597,chr15_41217964,chr15_41217985,chr15_41219654,chr15_41221438,chr15_41227725,chr15_41228068,chr15_41229597,chr15_41229800,country_of_origin,fur_color,height_in,color_of_eyes,longevity_yrs,character_traits,common_health_problems
Affenpinscher,4.5,26.5,F,52.505,13.573,CC,Yes,TT,AA,AA,CC,CC,AA,AA,AA,GG,CC,Germany,"Black,Brown,Red",9-11,Brown,12-15,"Intelligent,energetic,playful,good-natured","Dentalproblems,eyeproblems,skinallergies"
AfghanHound,24.9,66,M,34.552,69.233,CC,Yes,CC,AA,CC,CC,CC,GG,GG,GG,AA,TT,NA,NA,NA,NA,NA,NA,NA
AfghanHound,24.9,66,M,34.552,69.233,CC,Yes,CC,AA,CC,CC,CC,GG,GG,GG,AA,TT,NA,NA,NA,NA,NA,NA,NA
Airedale Terrier,23.5,58.5,M,53.945,-1.048,CT,Yes,TC,AG,AC,CT,CT,AG,AG,AA,GA,CT,NA,NA,NA,NA,NA,NA,NA
AiredaleTerrier,23.5,58.5,F,53.945,-1.048,TT,Yes,TC,AG,AC,CT,TT,AG,AG,AG,GA,CT,NA,NA,NA,NA,NA,NA,NA
AiredaleTerrier,23.5,58.5,M,53.945,-1.048,CT,Yes,TC,AG,AC,CT,CT,AG,AG,AG,GA,CT,NA,NA,NA,NA,NA,NA,NA
AlapahaBlueBloodBulldog,33,58,F,33.748995,-84.387982,CT,Yes,TC,AG,AC,CT,CT,AG,AG,AG,GA,CT,NA,NA,NA,NA,NA,NA,NA
AlaskanMalamute,36.3,60.9,F,66.323,-154.548,TT,Yes,CC,GG,CC,TT,TT,GG,GG,GG,AA,TT,NA,NA,NA,NA,NA,NA,NA
AlaskanMalamute,36.3,60.9,F,66.323,-154.548,TT,Yes,CC,GG,CC,TT,TT,GG,GG,GG,AA,TT,NA,NA,NA,NA,NA,NA,NA
AlaskanMalamute,36.3,60.9,M,66.323,-154.548,TT,Yes,CC,GG,CC,TT,TT,GG,GG,GG,AA,TT,NA,NA,NA,NA,NA,NA,NA
AmericanEskimoDog,12.1,44.5,M,25.065,67.638,CC,Yes,TT,AA,AA,CC,CC,AA,AA,AA,GG,CC,UnitedStates,White,15-19,Brown,12-15,"Intelligent,energetic,playful,good-natured","Dentalproblems,skinallergies,hipdysplasia"
AmericanEskimoDog,12.1,44.5,F,25.065,67.638,CC,Yes,TT,AA,AA,CC,CC,AA,AA,AA,GG,CC,UnitedStates,White,15-19,Brown,12-15,"Intelligent,energetic,playful,good-natured","Dentalproblems,skinallergies,hipdysplasia"
AmericanEskimoDog,12.1,44.5,F,25.065,67.638,CC,Yes,TT,AA,AA,CC,CC,AA,AG,AG,GA,CT,UnitedStates,White,15-19,Brown,12-15,"Intelligent,energetic,playful,good-natured","Dentalproblems,skinallergies,hipdysplasia"
AmericanEskimoDog,12.1,44.5,M,25.065,67.638,CC,Yes,TT,AA,AA,CC,CC,AA,AG,AG,GA,CT,UnitedStates,White,15-19,Brown,12-15,"Intelligent,energetic,playful,good-natured","Dentalproblems,skinallergies,hipdysplasia"
AmericanStaffordshireTerrier,34,46,M,42.360082,-71.05888,CT,Yes,TC,AG,AC,CT,CT,AG,AG,AG,GA,CT,NA,NA,NA,NA,NA,NA,NA
AmericanStaffordshireTerrier,34,46,M,42.360082,-71.05888,CC,Yes,TT,AA,AA,CC,CC,AA,AA,AA,GG,CC,NA,NA,NA,NA,NA,NA,NA
AmericanStaffordshireTerrier,34,46,F,42.360082,-71.05888,CC,Yes,TT,AA,AA,CC,CC,AA,AA,AA,GG,CC,NA,NA,NA,NA,NA,NA,NA
AmericanStaffordshireTerrier,34,46,F,42.360082,-71.05888,CC,Yes,TT,AA,AA,CC,CC,AA,AA,AA,GG,CC,NA,NA,NA,NA,NA,NA,NA
AmericanWaterSpaniel,15.5,42,M,44.86755,-89.615479,TT,Yes,CC,GG,CC,TT,TT,GG,GG,GG,AA,TT,NA,NA,NA,NA,NA,NA,NA
AmericanWaterSpaniel,15.5,42,M,44.86755,-89.615479,TT,Yes,CC,GG,CC,TT,TT,GG,GG,GG,AA,TT,NA,NA,NA,NA,NA,NA,NA
AmericanWaterSpaniel,15.5,42,F,44.86755,-89.615479,TT,Yes,CC,GG,CC,TT,TT,GG,GG,GG,AA,TT,NA,NA,NA,NA,NA,NA,NA
AustralianCattleDog,15,47,M,-33.867487,151.20699,CT,Yes,TT,AA,AA,CC,CT,AA,AA,AA,GG,CC,Australia,"Blue,Red",17-20,Brown,12-16,"Intelligent,energetic,playful,good-natured","Dentalproblems,skinallergies,hipdysplasia"
AustralianCattleDog,15,47,M,-33.867487,151.20699,CT,Yes,TT,AA,AA,CC,CT,AA,AA,AA,GG,CC,Australia,"Blue,Red",17-20,Brown,12-14,"Intelligent,energetic,good-natured,loyal","Dentalproblems,eyeissues,skinallergies"
AustralianCattleDog,15,47,F,-33.867487,151.20699,CC,Yes,TC,AG,AC,CT,CC,AG,AG,AG,GA,CT,Australia,"Blue,Red",17-20,Brown,12-16,"Intelligent,energetic,playful,good-natured","Dentalproblems,skinallergies,hipdysplasia"
AustralianCattleDog,15,47,F,-33.867487,151.20699,CC,Yes,TC,AG,AC,CT,CC,AG,AG,AG,GA,CT,Australia,"Blue,Red",17-20,Brown,12-14,"Intelligent,energetic,good-natured,loyal","Dentalproblems,eyeissues,skinallergies"
AustralianCattleDog,15,47,F,-33.867487,151.20699,CT,Yes,TC,AG,AC,CT,CT,AG,AG,AG,GA,CT,Australia,"Blue,Red",17-20,Brown,12-16,"Intelligent,energetic,playful,good-natured","Dentalproblems,skinallergies,hipdysplasia"
AustralianCattleDog,15,47,F,-33.867487,151.20699,CT,Yes,TC,AG,AC,CT,CT,AG,AG,AG,GA,CT,Australia,"Blue,Red",17-20,Brown,12-14,"Intelligent,energetic,good-natured,loyal","Dentalproblems,eyeissues,skinallergies"
AustralianCattleDog,15,47,M,-33.867487,151.20699,CC,Yes,TT,AA,AA,CC,CC,AA,AA,AA,GG,CC,Australia,"Blue,Red",17-20,Brown,12-16,"Intelligent,energetic,playful,good-natured","Dentalproblems,skinallergies,hipdysplasia"
AustralianCattleDog,15,47,M,-33.867487,151.20699,CC,Yes,TT,AA,AA,CC,CC,AA,AA,AA,GG,CC,Australia,"Blue,Red",17-20,Brown,12-14,"Intelligent,energetic,good-natured,loyal","Dentalproblems,eyeissues,skinallergies"
AustralianShepherd,20.5,50,F,43.359399,-1.766148,CT,Yes,TC,AG,AC,CT,CT,AG,AG,AG,GA,CT,Australia,"Black,Red",18-23,"Brown,Blue",12-15,"Intelligent,energetic,loyal,trainable","Hipdysplasia,eyeproblems,epilepsy"
AustralianShepherd,20.5,50,F,43.359399,-1.766148,CT,Yes,TC,AG,AC,CT,CT,AG,AG,AG,GA,CT,Australia,BlueMerle,20-23,Brown,12-14,"Intelligent,energetic,good-natured,loyal","Dentalproblems,eyeissues,skinallergies"
AustralianShepherd,20.5,50,F,43.359399,-1.766148,CT,Yes,TC,AG,AC,CT,CT,AG,AG,AG,GA,CT,Australia,"Black,Red",18-23,Brown,12-15,"Intelligent,energetic,playful,good-natured","Dentalproblems,skinallergies,hipdysplasia"
AustralianShepherd,20.5,50,F,43.359399,-1.766148,CC,Yes,TT,AA,AA,CC,CC,AA,AA,AA,GG,CC,Australia,"Black,Red",18-23,"Brown,Blue",12-15,"Intelligent,energetic,loyal,trainable","Hipdysplasia,eyeproblems,epilepsy"
AustralianShepherd,20.5,50,F,43.359399,-1.766148,CC,Yes,TT,AA,AA,CC,CC,AA,AA,AA,GG,CC,Australia,BlueMerle,20-23,Brown,12-14,"Intelligent,energetic,good-natured,loyal","Dentalproblems,eyeissues,skinallergies"
AustralianShepherd,20.5,50,F,43.359399,-1.766148,CC,Yes,TT,AA,AA,CC,CC,AA,AA,AA,GG,CC,Australia,"Black,Red",18-23,Brown,12-15,"Intelligent,energetic,playful,good-natured","Dentalproblems,skinallergies,hipdysplasia"
AustralianShepherd,20.5,50,M,43.359399,-1.766148,CC,Yes,TT,AA,AA,CC,CC,AA,AA,AA,GG,CC,Australia,"Black,Red",18-23,"Brown,Blue",12-15,"Intelligent,energetic,loyal,trainable","Hipdysplasia,eyeproblems,epilepsy"
AustralianShepherd,20.5,50,M,43.359399,-1.766148,CC,Yes,TT,AA,AA,CC,CC,AA,AA,AA,GG,CC,Australia,BlueMerle,20-23,Brown,12-14,"Intelligent,energetic,good-natured,loyal","Dentalproblems,eyeissues,skinallergies"
AustralianShepherd,20.5,50,M,43.359399,-1.766148,CC,Yes,TT,AA,AA,CC,CC,AA,AA,AA,GG,CC,Australia,"Black,Red",18-23,Brown,12-15,"Intelligent,energetic,playful,good-natured","Dentalproblems,skinallergies,hipdysplasia"
AustralianTerrier,6.4,25.5,M,-38.039439,145.17334,CC,Yes,TT,AA,AA,CC,CC,AA,AA,AA,GG,CC,Australia,"Red,Black&Tan",10-11,Brown,12-15,"Intelligent,energetic,playful,good-natured","Dentalproblems,skinallergies,hipdysplasia"
AustralianTerrier,6.4,25.5,M,-38.039439,145.17334,CC,Yes,TT,AA,AA,CC,CC,AA,AA,AA,GG,CC,Australia,Red,10-11,Brown,12-15,"Intelligent,energetic,playful,good-natured","Dentalproblems,eyeissues,skinallergies"
AustralianTerrier,6.4,25.5,M,-38.039439,145.17334,CC,Yes,TT,AA,AA,CC,CC,AA,AA,AA,GG,CC,Australia,"Red,Black&Tan",10-11,Brown,12-15,"Intelligent,energetic,playful,good-natured","Dentalproblems,skinallergies,hipdysplasia"
AustralianTerrier,6.4,25.5,M,-38.039439,145.17334,CC,Yes,TT,AA,AA,CC,CC,AA,AA,AA,GG,CC,Australia,Red,10-11,Brown,12-15,"Intelligent,energetic,playful,good-natured","Dentalproblems,eyeissues,skinallergies"
Basenji,11,42,F,15.443,32.231,CC,Yes,TT,AA,AA,CC,CC,AA,AA,AA,GG,CC,Congo,"Red,Black&White",16-17,Brown,12-15,"Intelligent,energetic,playful,good-natured","Dentalproblems,eyeissues,skinallergies"
Basenji,11,42,F,15.443,32.231,CC,Yes,TT,AA,AA,CC,CC,AA,AA,AA,GG,CC,Congo,"Red,Black&White",16-17,Brown,12-15,"Intelligent,energetic,playful,good-natured","Dentalproblems,eyeissues,skinallergies"
Basenji,11,42,M,15.443,32.231,CC,Yes,TT,AA,AA,CC,CC,AA,AA,AA,GG,CC,Congo,"Red,Black&White",16-17,Brown,12-15,"Intelligent,energetic,playful,good-natured","Dentalproblems,eyeissues,skinallergies"
BassetHound,24.5,NA,F,48.853,2.339,CT,Yes,TC,AG,AA,CT,CT,AG,GG,GG,AA,TT,France,"Black,Tan",11-15,Brown,10-12,"Affectionate,patient,gentle,good-natured","Dentalproblems,earinfections,obesity"
BassetHound,24.5,NA,F,48.853,2.339,CT,Yes,TC,AG,AA,CT,CT,AG,GG,GG,AA,TT,France,"Black,White,Red",11-15,Brown,10-12,"Gentle,good-natured,loyal,intelligent","Dentalproblems,eyeissues,skinallergies"
BassetHound,24.5,NA,M,48.853,2.339,TT,Yes,CC,GG,CC,TT,TT,GG,GG,GG,AA,TT,France,"Black,Tan",11-15,Brown,10-12,"Affectionate,patient,gentle,good-natured","Dentalproblems,earinfections,obesity"
BassetHound,24.5,NA,M,48.853,2.339,TT,Yes,CC,GG,CC,TT,TT,GG,GG,GG,AA,TT,France,"Black,White,Red",11-15,Brown,10-12,"Gentle,good-natured,loyal,intelligent","Dentalproblems,eyeissues,skinallergies"
BassetHound,24.5,NA,F,48.853,2.339,TT,Yes,CC,GG,CC,TT,TT,GG,GG,GG,AA,TT,France,"Black,Tan",11-15,Brown,10-12,"Affectionate,patient,gentle,good-natured","Dentalproblems,earinfections,obesity"
BassetHound,24.5,NA,F,48.853,2.339,TT,Yes,CC,GG,CC,TT,TT,GG,GG,GG,AA,TT,France,"Black,White,Red",11-15,Brown,10-12,"Gentle,good-natured,loyal,intelligent","Dentalproblems,eyeissues,skinallergies"
Beagle,10.2,36.8,M,51.512,-0.119,CC,Yes,TT,AA,AA,CC,CC,AA,GG,GG,AA,TT,England,"White,Tan,Red,Lemon",13-15,Brown,12-15,"Curious,friendly,energetic,good-natured","Earinfections,hipdysplasia,epilepsy"
Beagle,10.2,36.8,F,51.512,-0.119,CC,Yes,TT,AA,AA,CC,CC,AA,AA,AA,GG,CC,England,"White,Tan,Red,Lemon",13-15,Brown,12-15,"Curious,friendly,energetic,good-natured","Earinfections,hipdysplasia,epilepsy"
Beagle,10.2,36.8,F,51.512,-0.119,CC,Yes,TT,AA,AA,CC,CC,AA,AA,AA,GG,CC,England,"White,Tan,Red,Lemon",13-15,Brown,12-15,"Curious,friendly,energetic,good-natured","Earinfections,hipdysplasia,epilepsy"
Beagle,10.2,36.8,M,51.512,-0.119,CC,Yes,TT,AA,AA,CC,CC,AA,AA,AA,GG,CC,England,"White,Tan,Red,Lemon",13-15,Brown,12-15,"Curious,friendly,energetic,good-natured","Earinfections,hipdysplasia,epilepsy"
BeardedCollie,22.5,53.5,F,55.069,-3.605,TT,Yes,CC,GG,CC,TT,TT,GG,GG,GG,AA,TT,NA,NA,NA,NA,NA,NA,NA
BeardedCollie,22.5,53.5,M,55.069,-3.605,TT,Yes,CC,GG,NA,NA,TT,GG,GG,GG,AA,TT,NA,NA,NA,NA,NA,NA,NA
BeardedCollie,22.5,53.5,M,55.069,-3.605,TT,Yes,CC,GG,CC,TT,TT,GG,GG,GG,AA,TT,NA,NA,NA,NA,NA,NA,NA
BeardedCollie,22.5,53.5,F,55.069,-3.605,TT,Yes,CC,GG,CC,TT,TT,GG,GG,GG,AA,TT,NA,NA,NA,NA,NA,NA,NA
Beauceron,37.5,67.5,F,48.443854,1.489012,TT,Yes,CC,GG,CC,TT,TT,GG,GG,GG,AA,TT,NA,NA,NA,NA,NA,NA,NA
Beauceron,37.5,67.5,F,48.443854,1.489012,TT,Yes,CC,GG,CC,TT,TT,GG,GG,GG,AA,TT,NA,NA,NA,NA,NA,NA,NA
BedlingtonTerrier,8.9,41,M,55.31,-1.909,CC,Yes,TT,AA,AA,CC,CC,AA,AA,AA,GG,CC,NA,NA,NA,NA,NA,NA,NA
BedlingtonTerrier,8.9,41,M,55.31,-1.909,CC,Yes,TT,AA,AA,CC,CC,AA,AA,AA,GG,CC,NA,NA,NA,NA,NA,NA,NA
BelgianMalinois,29.5,61,F,51.026,4.477,TT,Yes,CC,GG,NA,TT,TT,GG,GG,GG,AA,TT,Belgium,"Fawn,Mahogany",22-26,Brown,12-14,"Intelligent,energetic,loyal,protective","Hipdysplasia,eyeproblems,skinallergies"
BelgianMalinois,29.5,61,F,51.026,4.477,TT,Yes,CC,GG,NA,TT,TT,GG,GG,GG,AA,TT,Belgium,"Fawn,Mahogany",22-26,Brown,12-14,"Intelligent,energetic,loyal,protective","Hipdysplasia,eyeproblems,skinallergies"
BelgianMalinois,29.5,61,M,51.026,4.477,TT,Yes,CC,GG,CC,TT,TT,GG,GG,GG,AA,TT,Belgium,"Fawn,Mahogany",22-26,Brown,12-14,"Intelligent,energetic,loyal,protective","Hipdysplasia,eyeproblems,skinallergies"
BelgianSheepdog,30.6,60.9,F,50.847,4.361,TT,Yes,CC,GG,CC,NA,TT,GG,GG,GG,AA,TT,NA,NA,NA,NA,NA,NA,NA
BelgianSheepdog,30.8,60.9,F,50.847,4.361,TT,Yes,CC,GG,CC,TT,TT,GG,GG,GG,AA,TT,NA,NA,NA,NA,NA,NA,NA
BelgianSheepdog,30.11,60.9,M,50.847,4.361,TT,Yes,CC,GG,CC,TT,TT,GG,GG,GG,AA,TT,NA,NA,NA,NA,NA,NA,NA
BelgianSheepdog,30.13,60.9,M,50.847,4.361,TT,Yes,CC,GG,CC,TT,TT,GG,GG,GG,AA,TT,NA,NA,NA,NA,NA,NA,NA
BelgianTervuren,30.15,60.9,F,50.825926,4.507778,TT,Yes,CC,GG,CC,TT,TT,GG,GG,GG,AA,TT,Belgium,Fawn,22-26,Brown,12-14,"Intelligent,energetic,good-natured,loyal","Dentalproblems,eyeissues,skinallergies"
BelgianTervuren,30.2,60.9,M,50.825926,4.507778,TT,Yes,CC,GG,CC,TT,TT,GG,GG,GG,AA,TT,Belgium,Fawn,22-26,Brown,12-14,"Intelligent,energetic,good-natured,loyal","Dentalproblems,eyeissues,skinallergies"
BelgianTervuren,30.25,60.9,F,50.825926,4.507778,TT,Yes,CC,GG,CC,TT,TT,GG,GG,GG,AA,TT,Belgium,Fawn,22-26,Brown,12-14,"Intelligent,energetic,good-natured,loyal","Dentalproblems,eyeissues,skinallergies"
BelgianTervuren,30.26,60.9,M,50.825926,4.507778,TT,Yes,CC,GG,CC,TT,TT,GG,GG,GG,AA,TT,Belgium,Fawn,22-26,Brown,12-14,"Intelligent,energetic,good-natured,loyal","Dentalproblems,eyeissues,skinallergies"
BergerBlancSuisse,32.5,60,M,49.660517,9.42627,TT,Yes,CC,GG,CC,TT,TT,GG,GG,GG,AA,TT,NA,NA,NA,NA,NA,NA,NA
BergerPicard,27.5,60,F,49.666,2.526,TT,Yes,CC,GG,CC,TT,TT,GG,GG,GG,AA,TT,NA,NA,NA,NA,NA,NA,NA
BergerPicard,27.5,60,F,49.666,2.526,TT,Yes,CC,GG,CC,TT,TT,GG,GG,GG,AA,TT,NA,NA,NA,NA,NA,NA,NA
BergerPicard,27.5,60,M,49.666,2.526,TT,Yes,CC,GG,CC,TT,TT,GG,GG,GG,AA,TT,NA,NA,NA,NA,NA,NA,NA
BernAlpineDachsbracke,16.5,37,M,46.947922,7.444608,TT,Yes,CC,GG,CC,TT,TT,GG,GG,GG,AA,TT,NA,NA,NA,NA,NA,NA,NA
BerneseMountainDog,43.1,64.5,F,46.821,8.406,CT,Yes,TC,AG,AC,CT,CT,AG,AG,AG,GA,CT,NA,NA,NA,NA,NA,NA,NA
BerneseMountainDog,43.1,64.5,F,46.821,8.406,TT,Yes,CC,GG,CC,TT,TT,GG,GG,GG,AA,TT,NA,NA,NA,NA,NA,NA,NA
BerneseMountainDog,43.1,64.5,M,46.821,8.406,TT,Yes,CC,GG,CC,NA,TT,GG,GG,GG,AA,TT,NA,NA,NA,NA,NA,NA,NA
BerneseMountainDog,43.1,64.5,M,46.821,8.406,TT,Yes,CC,GG,CC,NA,TT,GG,GG,GG,AA,TT,NA,NA,NA,NA,NA,NA,NA
BichonFrise,4,27.5,F,48.853,2.339,CT,Yes,TC,AG,AC,CT,CT,AG,AG,AG,GA,CT,France,White,9-11,Brown,12-15,"Playful,affectionate,intelligent,social","Dentalproblems,eyeproblems,bladderstones"
BichonFrise,4,27.5,F,48.853,2.339,CT,Yes,TC,AG,AC,CT,CT,AG,AG,AG,GA,CT,France,White,9-11,Brown,12-15,"Playful,affectionate,intelligent,social","Dentalproblems,eyeproblems,bladderstones"
BiewerTerrier,3,22.9,M,51.165691,10.451526,CC,Yes,TT,AA,AA,CC,CC,AA,AA,AA,GG,CC,NA,NA,NA,NA,NA,NA,NA
BiewerTerrier,3,22.9,F,51.165691,10.451526,CC,Yes,TT,AA,AA,CC,CC,AA,AG,AG,GA,CT,NA,NA,NA,NA,NA,NA,NA
BiewerTerrier,3,22.9,M,51.165691,10.451526,CC,Yes,TT,AA,AA,CC,CC,AA,AG,AG,GA,CT,NA,NA,NA,NA,NA,NA,NA
BiewerTerrier,3,22.9,F,51.165691,10.451526,CC,Yes,TT,AA,AA,CC,CC,AA,AG,AG,GA,CT,NA,NA,NA,NA,NA,NA,NA
BlackRussianTerrier,50.6,71.1,F,55.896491,37.87674,TT,Yes,CC,GG,CC,TT,TT,GG,GG,GG,AA,TT,NA,NA,NA,NA,NA,NA,NA
Bloodhound,38.6,63.5,F,51.512,-0.119,TT,Yes,CC,GG,CC,TT,TT,GG,GG,GG,AA,TT,England,"Red,Black",22-27,Brown,10-12,"Loyal,intelligent,good-natured,energetic","Dentalproblems,eyeissues,skinallergies"
BorderCollie,16.3,50.8,M,54.879,-2.899,TT,Yes,TT,AA,AA,CC,TT,AA,AA,AA,GG,CC,England,"Black,White,Red",18-22,Brown,12-15,"Intelligent,energetic,playful,good-natured","Dentalproblems,eyeissues,skinallergies"
BorderCollie,16.3,50.8,M,54.879,-2.899,TT,Yes,TT,AA,AA,CC,TT,AA,AA,AA,GG,CC,England,"Black,White,Red",18-22,Brown,12-15,"Intelligent,energetic,playful,good-natured","Dentalproblems,eyeissues,skinallergies"
BorderCollie,16.3,50.8,F,54.879,-2.899,CC,Yes,TC,AG,AC,CT,CC,AG,AG,AG,GA,CT,England,"Black,White,Red",18-22,Brown,12-15,"Intelligent,energetic,playful,good-natured","Dentalproblems,eyeissues,skinallergies"
BorderCollie,16.3,50.8,F,54.879,-2.899,CT,Yes,TT,AA,AA,CC,CT,AA,AA,AA,GG,CC,England,"Black,White,Red",18-22,Brown,12-15,"Intelligent,energetic,playful,good-natured","Dentalproblems,eyeissues,skinallergies"
BorderTerrier,6.1,34,F,55.478,-2.152,CC,Yes,TT,AA,AA,CC,CC,AA,AA,AA,GG,CC,England,"Red,Wheaten,Black",10-16,Brown,12-16,"Intelligent,energetic,playful,good-natured","Dentalproblems,skinallergies,hipdysplasia"
BorderTerrier,6.1,34,F,55.478,-2.152,CC,Yes,TT,AA,AA,CC,CC,AA,AA,AA,GG,CC,England,"Red,Wheaten,Black",10-16,Brown,12-16,"Intelligent,energetic,playful,good-natured","Dentalproblems,skinallergies,hipdysplasia"
BorderTerrier,6.1,34,M,55.478,-2.152,CC,Yes,TT,AA,AA,CC,CC,AA,AA,AA,GG,CC,England,"Red,Wheaten,Black",10-16,Brown,12-16,"Intelligent,energetic,playful,good-natured","Dentalproblems,skinallergies,hipdysplasia"
BorderTerrier,6.1,34,M,55.478,-2.152,CC,Yes,TT,AA,AA,CC,CC,AA,AA,AA,GG,CC,England,"Red,Wheaten,Black",10-16,Brown,12-16,"Intelligent,energetic,playful,good-natured","Dentalproblems,skinallergies,hipdysplasia"
Borzoi,36.9,68.6,F,59.918,30.31,TT,Yes,CC,GG,CC,TT,TT,GG,GG,GG,AA,TT,Russia,"White,Cream,Red",26-29,Brown,10-12,"Gentle,good-natured,loyal,intelligent","Dentalproblems,eyeissues,skinallergies"
BostonTerrier,9.1,40.6,F,42.360082,-71.05888,CC,Yes,TT,AA,AA,CC,CC,AA,AA,AA,GG,CC,UnitedStates,"Black,White",15-17,Brown,11-13,"Intelligent,energetic,affectionate,good-natured","Eyeproblems,respiratoryissues,skinallergies"
BouvierDesFlandres,33.5,63.5,F,51.047,3.719,TT,Yes,CC,GG,CC,TT,TT,GG,GG,GG,AA,TT,NA,NA,NA,NA,NA,NA,NA
BouvierDesFlandres,33.5,63.5,M,51.047,3.719,TT,Yes,CC,GG,CC,TT,TT,GG,GG,GG,AA,TT,NA,NA,NA,NA,NA,NA,NA
BouvierDesFlandres,33.5,63.5,F,51.047,3.719,TT,Yes,CC,GG,CC,TT,TT,GG,GG,GG,AA,TT,NA,NA,NA,NA,NA,NA,NA
BouvierdesFlandres,33.5,63.5,M,51.047,3.719,TT,Yes,CC,GG,CC,TT,TT,GG,GG,GG,AA,TT,NA,NA,NA,NA,NA,NA,NA
Boxer,28.1,59.1,F,48.133,11.643,TT,Yes,CC,GG,CC,TT,TT,GG,GG,GG,AA,TT,Germany,"Fawn,Brindle",21-25,Brown,10-12,"Loyal,energetic,intelligent,playful,protective","Hipdysplasia,cancer,heartconditions"
Boxer,28.1,59.1,F,48.133,11.643,TT,Yes,CC,GG,CC,TT,TT,GG,GG,GG,AA,TT,Germany,"Fawn,Brindle",21-25,Brown,10-12,"Loyal,energetic,intelligent,playful,protective","Hipdysplasia,cancer,heartconditions"
Boxer,28.1,59.1,M,48.133,11.643,TT,Yes,CC,GG,CC,TT,TT,GG,GG,GG,AA,TT,Germany,"Fawn,Brindle",21-25,Brown,10-12,"Loyal,energetic,intelligent,playful,protective","Hipdysplasia,cancer,heartconditions"
BoykinSpaniel,14.5,41,M,33.426857,-80.672607,CC,Yes,TT,AA,AA,CC,CC,AA,AA,AA,GG,CC,NA,NA,NA,NA,NA,NA,NA
BoykinSpaniel,14.5,41,M,33.426857,-80.672607,CC,Yes,TT,AA,AA,CC,CC,AA,AA,AA,GG,CC,NA,NA,NA,NA,NA,NA,NA
Briard,31,62.5,F,45.738,0.242,TT,Yes,CC,GG,CC,TT,TT,GG,GG,GG,AA,TT,NA,NA,NA,NA,NA,NA,NA
Briard,31,62.5,F,45.738,0.242,TT,Yes,CC,GG,CC,TT,TT,GG,GG,GG,AA,TT,NA,NA,NA,NA,NA,NA,NA
BrittanySpaniel,16,49.5,M,48.5,-2.831,TT,Yes,TC,AG,NA,TT,TT,GG,AG,AG,GA,TT,NA,NA,NA,NA,NA,NA,NA
BrittanySpaniel,16,49.5,M,48.5,-2.831,CC,Yes,TT,AA,AA,CC,CC,AA,AG,AG,GA,CT,NA,NA,NA,NA,NA,NA,NA
BrusselsGriffon,5,17.8,F,50.85034,4.35171,CC,Yes,TT,AA,AA,CC,CC,AA,AA,AA,GG,CC,Belgium,"Black,Red",7-10,Brown,12-15,"Intelligent,energetic,affectionate,good-natured","Dentalproblems,eyeproblems,respiratoryissues"
BrusselsGriffon,5,17.8,F,50.85034,4.35171,CC,Yes,TT,AA,AA,CC,CC,AA,AA,AA,GG,CC,Belgium,"Black,Red",7-10,Brown,12-15,"Intelligent,energetic,affectionate,good-natured","Dentalproblems,eyeproblems,respiratoryissues"
BrusselsGriffon,5,17.8,M,50.85034,4.35171,CC,Yes,TT,AA,AA,CC,CC,AA,AA,AA,GG,CC,Belgium,"Black,Red",7-10,Brown,12-15,"Intelligent,energetic,affectionate,good-natured","Dentalproblems,eyeproblems,respiratoryissues"
Bullmastiff,52,64.5,M,51.512,-0.119,CT,Yes,CC,GG,CC,TT,CT,GG,GG,GG,AA,TT,NA,NA,NA,NA,NA,NA,NA
BullMastiff,52,64.5,F,51.512,-0.119,TT,Yes,CC,GG,CC,TT,TT,GG,GG,GG,AA,TT,NA,NA,NA,NA,NA,NA,NA
BullMastiff,52,64.5,M,51.512,-0.119,TT,Yes,TT,AA,AA,CC,TT,AA,AA,AA,GG,CC,NA,NA,NA,NA,NA,NA,NA
BullTerrier,30,53.5,F,51.751,-1.25,CC,Yes,TT,AA,AA,CC,CC,AA,AA,AA,GG,CC,England,"White,Red",20-22,Brown,10-12,"Loyal,intelligent,good-natured,energetic","Dentalproblems,eyeissues,skinallergies"
BullTerrier,30,53.5,M,51.751,-1.25,CC,Yes,TT,AA,AA,CC,CC,AA,AA,AA,GG,CC,England,"White,Red",20-22,Brown,10-12,"Loyal,intelligent,good-natured,energetic","Dentalproblems,eyeissues,skinallergies"
BullTerrier,30,53.5,M,51.751,-1.25,CC,Yes,TT,AA,AA,CC,CC,AA,AA,AA,GG,CC,England,"White,Red",20-22,Brown,10-12,"Loyal,intelligent,good-natured,energetic","Dentalproblems,eyeissues,skinallergies"
BullTerrier,30,53.5,F,51.751,-1.25,CC,Yes,TT,AA,AA,CC,CC,AA,AA,AA,GG,CC,England,"White,Red",20-22,Brown,10-12,"Loyal,intelligent,good-natured,energetic","Dentalproblems,eyeissues,skinallergies"
CairnTerrier,7,28,M,56.819,-5.105,CC,Yes,TC,AG,AC,CT,CC,AG,AG,AG,GA,CT,Scotland,"Black,Wheaten,Red",10-12,Brown,12-15,"Intelligent,energetic,playful,good-natured","Dentalproblems,eyeproblems,skinallergies"
CairnTerrier,7,28,F,56.819,-5.105,CC,Yes,TC,AG,AC,CC,CC,AG,AG,AA,GA,CT,Scotland,"Black,Wheaten,Red",10-12,Brown,12-15,"Intelligent,energetic,playful,good-natured","Dentalproblems,eyeproblems,skinallergies"
CairnTerrier,7,28,M,56.819,-5.105,CT,Yes,TC,AG,AA,CT,CT,AG,AG,AG,GA,CT,Scotland,"Black,Wheaten,Red",10-12,Brown,12-15,"Intelligent,energetic,playful,good-natured","Dentalproblems,eyeproblems,skinallergies"
CairnTerrier,7,28,F,56.819,-5.105,CT,Yes,TT,AA,AA,CC,CT,AA,AA,AA,GG,CC,Scotland,"Black,Wheaten,Red",10-12,Brown,12-15,"Intelligent,energetic,playful,good-natured","Dentalproblems,eyeproblems,skinallergies"
CaneCorso,45,64,F,40.641,15.803,TT,Yes,CC,GG,CC,TT,TT,GG,GG,GG,AA,TT,Italy,"Black,Red",22-28,Brown,10-12,"Loyal,intelligent,good-natured,energetic","Dentalproblems,eyeissues,skinallergies"
CaneCorso,45,64,F,40.641,15.803,TT,Yes,CC,GG,CC,TT,TT,GG,GG,GG,AA,TT,Italy,"Black,Red",22-28,Brown,10-12,"Loyal,intelligent,good-natured,energetic","Dentalproblems,eyeissues,skinallergies"
CaneCorso,45,64,M,40.641,15.803,TT,Yes,CC,GG,CC,TT,TT,GG,GG,GG,AA,TT,Italy,"Black,Red",22-28,Brown,10-12,"Loyal,intelligent,good-natured,energetic","Dentalproblems,eyeissues,skinallergies"
CardiganWelshCorgi,14,NA,F,52.288,-3.992,TT,Yes,CC,GG,CC,TT,TT,GG,GG,GG,AA,TT,Wales,"Red,Sable,Black",10-12,Brown,12-14,"Intelligent,energetic,playful,good-natured","Dentalproblems,eyeissues,skinallergies"
CardiganWelshCorgi,14,NA,F,52.288,-3.992,TT,Yes,CC,GG,CC,TT,TT,GG,GG,GG,AA,TT,Wales,"Red,Sable,Black",10-12,Brown,12-14,"Intelligent,energetic,playful,good-natured","Dentalproblems,eyeissues,skinallergies"
CardiganWelshCorgi,14,NA,M,52.288,-3.992,TT,Yes,CC,GG,CC,TT,TT,GG,GG,GG,AA,TT,Wales,"Red,Sable,Black",10-12,Brown,12-14,"Intelligent,energetic,playful,good-natured","Dentalproblems,eyeissues,skinallergies"
CaucasianOvcharka,75,68,F,41.715138,44.827096,TT,Yes,CC,GG,CC,TT,TT,GG,GG,GG,AA,TT,NA,NA,NA,NA,NA,NA,NA
CavalierKingCharlesSpaniel,7,31.7,F,51.751,-1.25,CC,Yes,TT,AA,AA,CC,CC,AA,AA,AA,GG,CC,NA,NA,NA,NA,NA,NA,NA
CavalierKingCharlesSpaniel,7,31.7,F,51.751,-1.25,CC,Yes,TT,AA,AA,CC,CC,AA,AA,AA,GG,CC,NA,NA,NA,NA,NA,NA,NA
CeskyTerrier,8,42,M,50.075538,14.4378,CC,Yes,TT,AA,AA,CC,CC,AA,AA,AA,GG,CC,NA,NA,NA,NA,NA,NA,NA
CeskyTerrier,8,42,F,50.075538,14.4378,CC,Yes,TT,AA,AA,CC,CC,AA,AA,AA,GG,CC,NA,NA,NA,NA,NA,NA,NA
ChesapeakeBayRetriever,31.5,59.5,M,38.672109,-76.526642,CC,Yes,TT,AA,AA,CC,CC,AA,GG,GG,AA,TT,UnitedStates,"Brown,Tan",21-26,Brown,12-14,"Intelligent,energetic,playful,good-natured","Dentalproblems,eyeissues,skinallergies"
Chihuahua,1.8,19,F,28.591757,-106.122437,CC,Yes,TT,AA,AA,CC,CC,AA,AG,AG,GA,CT,Mexico,"Black,Brown,Tan,White",6-9,"Brown,Blue",12-20,"Loyal,energetic,confident,sensitive","Dentalproblems,eyeissues,respiratoryissues"
Chihuahua,1.8,19,M,28.591757,-106.122437,CC,Yes,TT,AA,AA,CC,CC,AA,AA,AA,GG,CC,Mexico,"Black,Brown,Tan,White",6-9,"Brown,Blue",12-20,"Loyal,energetic,confident,sensitive","Dentalproblems,eyeissues,respiratoryissues"
Chihuahua,1.8,19,M,28.591757,-106.122437,CC,Yes,TT,AA,AA,CC,CC,AA,AA,AA,GG,CC,Mexico,"Black,Brown,Tan,White",6-9,"Brown,Blue",12-20,"Loyal,energetic,confident,sensitive","Dentalproblems,eyeissues,respiratoryissues"
ChineseCrested,3.9,28,M,11.805,106.168,CC,Yes,TT,AA,AA,CC,CC,AA,AA,AA,GG,CC,China,"Pink,White,Black",11-13,Brown,13-18,"Intelligent,energetic,affectionate,good-natured","Dentalproblems,eyeproblems,skinallergies"
ChineseCrested,3.9,28,M,11.805,106.168,CC,Yes,TT,AA,AA,CC,CC,AA,AA,AA,GG,CC,China,"Pink,White,Black",11-13,Brown,13-18,"Intelligent,energetic,affectionate,good-natured","Dentalproblems,eyeproblems,skinallergies"
ChineseSharpei,22,47,F,23.553917,113.259,TT,Yes,CC,GG,CC,TT,TT,GG,GG,GG,AA,TT,NA,NA,NA,NA,NA,NA,NA
ChineseSharpei,22,47,F,23.553917,113.259,CT,Yes,TC,AG,AC,CT,CT,AG,AG,AG,GG,CC,NA,NA,NA,NA,NA,NA,NA
ChineseSharpei,22,47,M,23.553917,113.259,TT,Yes,CC,GG,CC,TT,TT,GG,GG,GG,GA,CT,NA,NA,NA,NA,NA,NA,NA
Chinook,33,61,F,43.82462,-71.383667,TT,Yes,CC,GG,CC,TT,TT,GG,GG,GG,AA,TT,NA,NA,NA,NA,NA,NA,NA
Chinook,33,61,F,43.82462,-71.383667,TT,Yes,CC,GG,CC,TT,TT,GG,GG,GG,AA,TT,NA,NA,NA,NA,NA,NA,NA
Chinook,33,61,M,43.82462,-71.383667,TT,Yes,CC,GG,CC,TT,TT,GG,GG,GG,AA,TT,NA,NA,NA,NA,NA,NA,NA
ChowChow,26.1,47,F,34.328,108.957,CT,Yes,CC,GG,CC,CT,CT,GG,AG,AG,GA,CT,NA,NA,NA,NA,NA,NA,NA
ChowChow,26.1,47,F,34.328,108.957,CC,Yes,CC,GG,CC,CT,CC,GG,AA,AA,AA,TT,NA,NA,NA,NA,NA,NA,NA
ChowChow,26.1,47,M,34.328,108.957,CT,Yes,TC,AG,AC,CC,CT,AG,AA,AA,GA,CT,NA,NA,NA,NA,NA,NA,NA
ChowChow,26.1,47,M,34.328,108.957,CC,Yes,CC,GG,CC,CT,CC,GG,AG,AG,GA,CT,NA,NA,NA,NA,NA,NA,NA
CirnecodellEtna,10,47,M,37.587,14.155,CT,Yes,TC,AG,AC,CT,CT,AG,AG,AG,GA,CT,NA,NA,NA,NA,NA,NA,NA
CirnecodellEtna,10,47,F,37.587,14.155,CT,Yes,TC,AG,AC,CT,CT,AG,AG,AG,GA,CT,NA,NA,NA,NA,NA,NA,NA
CirnecodellEtna,10,47,F,37.587,14.155,CT,Yes,TC,AG,AC,CT,CT,AG,AG,AG,GA,CT,NA,NA,NA,NA,NA,NA,NA
ClumberSpaniel,32,47,M,53.38,-1.47,CT,Yes,TC,AG,AC,CT,CT,AG,AG,AG,GA,CT,NA,NA,NA,NA,NA,NA,NA
ClumberSpaniel,32,47,F,53.38,-1.47,TT,Yes,CC,GG,CC,TT,TT,GG,GG,GG,AA,TT,NA,NA,NA,NA,NA,NA,NA
ClumberSpaniel,32,47,M,53.38,-1.47,CT,Yes,TC,AG,AC,CT,CT,AG,GG,GG,AA,TT,NA,NA,NA,NA,NA,NA,NA
ClumberSpaniel,32,47,F,53.38,-1.47,CT,Yes,TC,AG,AC,CT,CT,AG,GG,GG,AA,TT,NA,NA,NA,NA,NA,NA,NA
CockerSpanielAmerican,10.5,35,F,50.375456,-4.142657,CC,Yes,TT,AA,AA,CC,CC,AA,AA,AA,GG,CC,NA,NA,NA,NA,NA,NA,NA
CockerSpanielAmerican,10.5,35,M,50.375456,-4.142657,CC,Yes,TT,AA,AA,CC,CC,AA,AA,AA,GG,CC,NA,NA,NA,NA,NA,NA,NA
CockerSpanielAmerican,10.5,35,F,50.375456,-4.142657,CC,Yes,TT,AA,AA,CC,CC,AA,AA,AA,GG,CC,NA,NA,NA,NA,NA,NA,NA
CockerSpanielAmerican,10.5,35,M,50.375456,-4.142657,CC,Yes,TT,AA,AA,CC,CC,AA,AA,AA,GG,CC,NA,NA,NA,NA,NA,NA,NA
CockerSpanielEnglish,13.6,40.6,M,51.747439,-0.593262,CC,Yes,TT,AA,AA,CC,CC,AA,AA,AA,GG,CC,NA,NA,NA,NA,NA,NA,NA
CockerSpanielEnglish,13.6,40.6,F,51.747439,-0.593262,CC,Yes,TT,AA,AA,CC,CC,AA,AA,AA,GG,CC,NA,NA,NA,NA,NA,NA,NA
CockerSpanielEnglish,13.6,40.6,F,51.747439,-0.593262,CC,Yes,TT,AA,AA,CC,CC,AA,AA,AA,GG,CC,NA,NA,NA,NA,NA,NA,NA
CockerSpanielEnglish,13.6,40.6,M,51.747439,-0.593262,CT,Yes,TT,AA,AA,CC,CT,AA,AA,AA,GG,CC,NA,NA,NA,NA,NA,NA,NA
Collie,23.5,56,M,51.512,-0.119,TT,Yes,CC,GG,CC,TT,TT,GG,GG,GG,AA,TT,NA,NA,NA,NA,NA,NA,NA
Collie,23.5,56,F,51.512,-0.119,TT,Yes,CC,GG,CC,TT,TT,GG,GG,GG,AA,TT,NA,NA,NA,NA,NA,NA,NA
Collie,23.5,56,M,51.512,-0.119,TT,Yes,CC,GG,CC,TT,TT,GG,GG,GG,AA,TT,NA,NA,NA,NA,NA,NA,NA
CotonDeTulear,4.8,26,F,-23.354,43.669,CC,Yes,TT,AA,AA,CC,CC,AA,AA,AA,GG,CC,NA,NA,NA,NA,NA,NA,NA
CotonDeTulear,4.8,26,M,-23.354,43.669,CC,Yes,TT,AA,AC,CC,CC,AA,AA,AA,GG,CC,NA,NA,NA,NA,NA,NA,NA
CurlyCoatedRetriever,32,63.5,F,50.82253,-0.137163,TT,Yes,CC,GG,CC,TT,TT,GG,GG,GG,AA,TT,NA,NA,NA,NA,NA,NA,NA
Dalmatian,29,58,M,42.738944,17.731934,CT,Yes,TT,AA,AA,CC,CT,AA,AG,AG,GA,CT,NA,NA,NA,NA,NA,NA,NA
Dalmatian,29,58,F,42.738944,17.731934,CC,Yes,TC,AG,AC,CT,CC,AG,GG,GG,AA,TT,NA,NA,NA,NA,NA,NA,NA
Dalmatian,29,58,M,42.738944,17.731934,CC,Yes,TT,AA,AA,CC,CC,AA,GG,GG,AA,TT,NA,NA,NA,NA,NA,NA,NA
Dalmatian,29,58,F,42.738944,17.731934,CC,Yes,TT,AA,AA,CC,CC,AA,GG,GG,AA,TT,NA,NA,NA,NA,NA,NA,NA
DandieDinmontTerrier,9.6,NA,M,55.87454,-3.106384,CC,Yes,TC,AA,AA,CC,CC,AA,AA,AA,GG,CC,NA,NA,NA,NA,NA,NA,NA
DandieDinmontTerrier,9.6,NA,F,55.87454,-3.106384,CC,Yes,TT,AA,AA,CC,CC,AA,AA,AA,GG,CC,NA,NA,NA,NA,NA,NA,NA
DandieDinmontTerrier,9.6,NA,F,55.87454,-3.106384,CC,Yes,TT,AA,AA,CC,CC,AA,AA,AA,GG,CC,NA,NA,NA,NA,NA,NA,NA
Doberman,34.9,66,F,#N/A,#N/A,TT,Yes,CC,GG,CC,TT,TT,GG,GG,GG,AA,TT,NA,NA,NA,NA,NA,NA,NA
Doberman,34.9,66,M,#N/A,#N/A,TT,Yes,TC,AG,AC,CT,TT,GG,GG,GG,AA,TT,NA,NA,NA,NA,NA,NA,NA
Doberman,34.9,66,F,#N/A,#N/A,TT,Yes,CC,GG,CC,TT,TT,GG,GG,GG,AA,TT,NA,NA,NA,NA,NA,NA,NA
EastSiberianLaika,20.5,58.5,F,52.609719,106.45752,TT,Yes,CC,GG,NA,TT,TT,GG,GG,GG,AA,TT,NA,NA,NA,NA,NA,NA,NA
EnglishFoxhound,29.5,58,M,51.827291,-1.192017,TT,Yes,CC,GG,CC,TT,TT,GG,GG,GG,AA,TT,NA,NA,NA,NA,NA,NA,NA
EnglishFoxhound,29.5,58,M,51.827291,-1.192017,TT,Yes,CC,GG,CC,TT,TT,GG,GG,GG,AA,TT,NA,NA,NA,NA,NA,NA,NA
EnglishMastiff,70.3,73,F,NA,NA,TT,Yes,CC,GG,CC,TT,TT,GG,GG,GG,AA,TT,NA,NA,NA,NA,NA,NA,NA
EnglishMastiff,70.3,73,M,NA,NA,TT,Yes,CC,GG,CC,TT,TT,GG,GG,GG,AA,TT,NA,NA,NA,NA,NA,NA,NA
EnglishMastiff,70.3,73,M,NA,NA,TT,Yes,CC,GG,CC,TT,TT,GG,GG,GG,AA,TT,NA,NA,NA,NA,NA,NA,NA
EnglishPointer,25,61.5,M,51.459997,-0.815735,TT,Yes,CC,GG,CC,TT,TT,GG,GG,GG,AA,TT,NA,NA,NA,NA,NA,NA,NA
EnglishPointer,25,61.5,F,51.459997,-0.815735,TT,Yes,CC,GG,CC,TT,TT,GG,GG,GG,AA,TT,NA,NA,NA,NA,NA,NA,NA
EnglishPointer,25,61.5,F,51.459997,-0.815735,TT,Yes,CC,GG,CC,TT,TT,GG,GG,GG,AA,TT,NA,NA,NA,NA,NA,NA,NA
EnglishPointer,25,61.5,M,51.459997,-0.815735,TT,Yes,CC,GG,CC,TT,TT,GG,GG,GG,AA,TT,NA,NA,NA,NA,NA,NA,NA
EnglishSetter,28.1,63.5,F,51.512,-0.119,CC,Yes,TT,AA,AA,CC,CC,AA,AA,AA,GG,CC,England,"Black,White,Liver",23-27,Brown,12-15,"Intelligent,energetic,affectionate,good-natured","Hipdysplasia,eyeproblems,cancer"
EnglishSetter,28.1,63.5,F,51.512,-0.119,CC,Yes,TT,AA,AA,CC,CC,AA,AA,AA,GG,CC,England,"Liver,Blue",25-27,Brown,12-14,"Intelligent,energetic,playful,good-natured","Dentalproblems,eyeissues,skinallergies"
EnglishSetter,28.1,63.5,M,51.512,-0.119,CT,Yes,TC,AG,AC,CT,CT,AG,AG,AG,GA,CT,England,"Black,White,Liver",23-27,Brown,12-15,"Intelligent,energetic,affectionate,good-natured","Hipdysplasia,eyeproblems,cancer"
EnglishSetter,28.1,63.5,M,51.512,-0.119,CT,Yes,TC,AG,AC,CT,CT,AG,AG,AG,GA,CT,England,"Liver,Blue",25-27,Brown,12-14,"Intelligent,energetic,playful,good-natured","Dentalproblems,eyeissues,skinallergies"
EnglishSetter,28.1,63.5,M,51.512,-0.119,TT,Yes,TT,AA,AA,CC,TT,AA,AA,AA,GG,CC,England,"Black,White,Liver",23-27,Brown,12-15,"Intelligent,energetic,affectionate,good-natured","Hipdysplasia,eyeproblems,cancer"
EnglishSetter,28.1,63.5,M,51.512,-0.119,TT,Yes,TT,AA,AA,CC,TT,AA,AA,AA,GG,CC,England,"Liver,Blue",25-27,Brown,12-14,"Intelligent,energetic,playful,good-natured","Dentalproblems,eyeissues,skinallergies"
EnglishSetter,28.1,63.5,F,51.512,-0.119,TT,Yes,TC,AG,AC,CT,TT,AG,GG,GG,AA,TT,England,"Black,White,Liver",23-27,Brown,12-15,"Intelligent,energetic,affectionate,good-natured","Hipdysplasia,eyeproblems,cancer"
EnglishSetter,28.1,63.5,F,51.512,-0.119,TT,Yes,TC,AG,AC,CT,TT,AG,GG,GG,AA,TT,England,"Liver,Blue",25-27,Brown,12-14,"Intelligent,energetic,playful,good-natured","Dentalproblems,eyeissues,skinallergies"
EntlebucherSennenhund,25,47,M,46.991741,8.064749,CC,Yes,TT,AA,AA,CC,CC,AA,AA,AA,GG,CC,NA,NA,NA,NA,NA,NA,NA
EntlebucherSennenhund,25,47,F,46.991741,8.064749,CC,Yes,TT,AA,AA,CC,CC,AA,AA,AA,GG,CC,NA,NA,NA,NA,NA,NA,NA
EntlebucherSennenhund,25,47,M,46.991741,8.064749,CC,Yes,TT,AA,AA,CC,CC,AA,AA,AA,GG,CC,NA,NA,NA,NA,NA,NA,NA
Eurasier,25,54,F,NA,NA,TT,Yes,CC,GG,CC,TT,TT,GG,GG,GG,GG,CC,NA,NA,NA,NA,NA,NA,NA
Eurasier,25,54,M,NA,NA,TT,Yes,CC,GG,CC,TT,TT,GG,GG,GG,GG,CC,NA,NA,NA,NA,NA,NA,NA
FieldSpaniel,18,44.5,M,51.751,-1.25,CT,Yes,TC,AG,AC,CT,CT,AG,AG,AG,GA,CT,England,"Black,Liver",15-18,Brown,12-14,"Intelligent,energetic,playful,good-natured","Dentalproblems,eyeissues,skinallergies"
FieldSpaniel,18,44.5,M,51.751,-1.25,CC,Yes,TT,AA,AA,CC,CC,AA,AA,AA,GG,CC,England,"Black,Liver",15-18,Brown,12-14,"Intelligent,energetic,playful,good-natured","Dentalproblems,eyeissues,skinallergies"
FieldSpaniel,18,44.5,F,51.751,-1.25,CC,Yes,TT,AA,AA,CC,CC,AA,AA,AA,GG,CC,England,"Black,Liver",15-18,Brown,12-14,"Intelligent,energetic,playful,good-natured","Dentalproblems,eyeissues,skinallergies"
FieldSpaniel,18,44.5,M,51.751,-1.25,CC,Yes,TT,AA,AA,CC,CC,AA,AA,AA,GG,CC,England,"Black,Liver",15-18,Brown,12-14,"Intelligent,energetic,playful,good-natured","Dentalproblems,eyeissues,skinallergies"
FinnishLapphund,19.5,56.5,M,60.532968,25.3125,TT,Yes,TC,AG,AC,CT,TT,AG,AG,AG,GA,CT,NA,NA,NA,NA,NA,NA,NA
FinnishSpitz,10,54.5,F,62.17576,23.818359,CC,Yes,TT,AA,AA,CC,CC,AA,AA,AA,GG,CC,Finland,"Red,Golden",15-20,Brown,12-15,"Intelligent,energetic,playful,good-natured","Dentalproblems,eyeissues,skinallergies"
FlatCoatedRetriever,29,57,F,51.512,-0.119,TT,Yes,CC,GG,CC,TT,TT,GG,GG,GG,AA,TT,NA,NA,NA,NA,NA,NA,NA
FlatCoatedRetriever,29,57,F,51.512,-0.119,TT,Yes,CC,GG,CC,TT,TT,GG,GG,GG,AA,TT,NA,NA,NA,NA,NA,NA,NA
FonniDog,32.5,58,F,#N/A,#N/A,TT,Yes,TC,AG,AC,CT,TT,AG,GG,GG,AA,TT,NA,NA,NA,NA,NA,NA,NA
FrenchBulldog,10.6,30.5,M,51.751,-1.25,CC,Yes,TT,AA,AA,CC,CC,AA,AA,AA,GG,CC,France,"White,Black,Brindle",11-12,Brown,10-12,"Affectionate,playful,good-natured","Breathingproblems,eyeproblems,hipdysplasia"
FrenchBulldog,10.6,30.5,F,51.751,-1.25,CC,Yes,TT,AA,AA,CC,CC,AA,AA,AA,GG,CC,France,"White,Black,Brindle",11-12,Brown,10-12,"Affectionate,playful,good-natured","Breathingproblems,eyeproblems,hipdysplasia"
FrenchBulldog,10.6,30.5,M,51.751,-1.25,CC,Yes,TT,AA,AA,CC,CC,AA,AA,AA,GG,CC,France,"White,Black,Brindle",11-12,Brown,10-12,"Affectionate,playful,good-natured","Breathingproblems,eyeproblems,hipdysplasia"
GermanHuntingTerrier,8.7,36.5,M,52.520007,13.404954,CC,Yes,TT,AA,AA,CC,CC,AA,AA,AA,GG,CC,NA,NA,NA,NA,NA,NA,NA
GermanShepherdDog,36.7,61,F,52.505,13.573,TT,Yes,TT,AA,AA,CC,TT,AA,AA,AA,GG,CC,NA,NA,NA,NA,NA,NA,NA
GermanShepherdDog,36.7,61,F,52.505,13.573,TT,Yes,CC,GG,NA,TT,TT,GG,GG,GG,AA,TT,NA,NA,NA,NA,NA,NA,NA
GermanShepherdDog,36.7,61,M,52.505,13.573,TT,Yes,CC,GG,CC,TT,TT,GG,GG,GG,AA,TT,NA,NA,NA,NA,NA,NA,NA
GermanShepherdDog,36.7,61,M,52.505,13.573,TT,Yes,CC,GG,CC,TT,TT,GG,GG,GG,AA,TT,NA,NA,NA,NA,NA,NA,NA
GermanShorthairedPointer,26,58.5,F,50.5167,8.41,TT,Yes,CC,GG,CC,TT,TT,GG,GG,GG,AA,TT,NA,NA,NA,NA,NA,NA,NA
GermanShorthairedPointer,26,58.5,F,50.5167,8.41,CT,Yes,CC,GG,CC,TT,CT,GG,GG,GG,AA,TT,NA,NA,NA,NA,NA,NA,NA
GermanWirehairedPointer,29.5,62.5,F,50.5167,8.41,TT,Yes,TC,AG,AC,CT,TT,AG,AG,AG,GA,CT,NA,NA,NA,NA,NA,NA,NA
GermanWirehairedPointer,29.5,62.5,F,50.5167,8.41,TT,Yes,CC,GG,CC,TT,TT,GG,GG,GG,AA,TT,NA,NA,NA,NA,NA,NA,NA
GermanWirehairedPointer,29.5,62.5,M,50.5167,8.41,TT,Yes,CC,GG,CC,TT,TT,GG,GG,GG,AA,TT,NA,NA,NA,NA,NA,NA,NA
GiantSchnauzer,36.5,65,M,48.483846,8.942871,TT,Yes,CC,GG,CC,TT,TT,GG,GG,GG,AA,TT,Germany,"Black,Salt&Pepper",25-28,Brown,10-12,"Loyal,intelligent,good-natured,energetic","Dentalproblems,eyeissues,skinallergies"
GiantSchnauzer,36.5,65,M,48.483846,8.942871,CT,Yes,CC,GG,CC,TT,CT,GG,GG,GG,AA,TT,Germany,"Black,Salt&Pepper",25-28,Brown,10-12,"Loyal,intelligent,good-natured,energetic","Dentalproblems,eyeissues,skinallergies"
GiantSchnauzer,36.5,65,F,48.483846,8.942871,TT,Yes,TC,AG,AC,CT,TT,AG,AG,AG,GA,CT,Germany,"Black,Salt&Pepper",25-28,Brown,10-12,"Loyal,intelligent,good-natured,energetic","Dentalproblems,eyeissues,skinallergies"
GlenofImaalTerrier,16,NA,F,52.98,-6.045,CC,Yes,CC,GG,CC,TT,CC,GG,GG,GG,AA,TT,NA,NA,NA,NA,NA,NA,NA
GlenofImaalTerrier,16,NA,M,52.98,-6.045,CC,Yes,TT,AA,AA,CC,CC,AA,AA,AA,GG,CC,NA,NA,NA,NA,NA,NA,NA
GlenofImaalTerrier,16,NA,M,52.98,-6.045,CC,Yes,CC,GG,CC,TT,CC,GG,GG,GG,AA,TT,NA,NA,NA,NA,NA,NA,NA
GoldenRetriever,29.5,57.8,M,55.951,-3.186,CC,Yes,CC,GG,CC,TT,CC,GG,GG,GG,AA,TT,Scotland,Golden,21-24,Brown,10-12,"Intelligent,friendly,kind,loyal,good-natured","Hipdysplasia,cancer,skinallergies"
GoldenRetriever,29.5,57.8,M,55.951,-3.186,CC,Yes,CC,GG,CC,TT,CC,GG,GG,GG,AA,TT,Scotland,Gold,21-24,Brown,12-14,"Intelligent,energetic,playful,good-natured","Dentalproblems,eyeissues,skinallergies"
GoldenRetriever,29.5,57.8,M,55.951,-3.186,CC,Yes,CC,GG,CC,TT,CC,GG,GG,GG,AA,TT,Scotland,Golden,21-24,Brown,10-12,"Intelligent,friendly,kind,loyal,good-natured","Hipdysplasia,cancer,skinallergies"
GoldenRetriever,29.5,57.8,M,55.951,-3.186,CC,Yes,CC,GG,CC,TT,CC,GG,GG,GG,AA,TT,Scotland,Gold,21-24,Brown,12-14,"Intelligent,energetic,playful,good-natured","Dentalproblems,eyeissues,skinallergies"
GoldenRetriever,29.5,57.8,F,55.951,-3.186,TT,Yes,CC,GG,CC,TT,TT,GG,GG,GG,AA,TT,Scotland,Golden,21-24,Brown,10-12,"Intelligent,friendly,kind,loyal,good-natured","Hipdysplasia,cancer,skinallergies"
GoldenRetriever,29.5,57.8,F,55.951,-3.186,TT,Yes,CC,GG,CC,TT,TT,GG,GG,GG,AA,TT,Scotland,Gold,21-24,Brown,12-14,"Intelligent,energetic,playful,good-natured","Dentalproblems,eyeissues,skinallergies"
GoldenRetriever,29.5,57.8,F,55.951,-3.186,TT,Yes,TT,AA,AA,CC,TT,AA,AG,AG,GA,CT,Scotland,Golden,21-24,Brown,10-12,"Intelligent,friendly,kind,loyal,good-natured","Hipdysplasia,cancer,skinallergies"
GoldenRetriever,29.5,57.8,F,55.951,-3.186,TT,Yes,TT,AA,AA,CC,TT,AA,AG,AG,GA,CT,Scotland,Gold,21-24,Brown,12-14,"Intelligent,energetic,playful,good-natured","Dentalproblems,eyeissues,skinallergies"
GordonSetter,28,63.5,F,57.649454,-3.318485,TT,Yes,CC,GG,CC,TT,TT,GG,GG,GG,AA,TT,Scotland,"Black,Tan",23-27,Brown,12-15,"Intelligent,energetic,good-natured,affectionate","Hipdysplasia,eyeproblems,cancer"
GordonSetter,28,63.5,F,57.649454,-3.318485,TT,Yes,CC,GG,CC,TT,TT,GG,GG,GG,AA,TT,Scotland,"Black,Tan",24-27,Brown,12-14,"Intelligent,energetic,playful,good-natured","Dentalproblems,eyeissues,skinallergies"
GordonSetter,28,63.5,F,57.649454,-3.318485,CT,Yes,TC,AG,AC,CT,CT,AG,GG,GG,AA,TT,Scotland,"Black,Tan",23-27,Brown,12-15,"Intelligent,energetic,good-natured,affectionate","Hipdysplasia,eyeproblems,cancer"
GordonSetter,28,63.5,F,57.649454,-3.318485,CT,Yes,TC,AG,AC,CT,CT,AG,GG,GG,AA,TT,Scotland,"Black,Tan",24-27,Brown,12-14,"Intelligent,energetic,playful,good-natured","Dentalproblems,eyeissues,skinallergies"
GreatDane,62.4,78.7,M,52.505,13.573,TT,Yes,CC,GG,CC,TT,TT,GG,GG,GG,AA,TT,Germany,"Black,Blue,Fawn,Harlequin",28-34,Brown,8-10,"Gentle,loyal,intelligent,good-natured","Hipdysplasia,cancer,heartconditions"
GreatDane,62.4,78.7,F,52.505,13.573,TT,Yes,CC,GG,CC,TT,TT,GG,GG,GG,AA,TT,Germany,"Black,Blue,Fawn,Harlequin",28-34,Brown,8-10,"Gentle,loyal,intelligent,good-natured","Hipdysplasia,cancer,heartconditions"
GreatDane,62.4,78.7,M,52.505,13.573,TT,Yes,CC,GG,CC,TT,TT,GG,GG,GG,AA,TT,Germany,"Black,Blue,Fawn,Harlequin",28-34,Brown,8-10,"Gentle,loyal,intelligent,good-natured","Hipdysplasia,cancer,heartconditions"
GreatDane,62.4,78.7,F,52.505,13.573,TT,Yes,CC,GG,CC,TT,TT,GG,GG,GG,AA,TT,Germany,"Black,Blue,Fawn,Harlequin",28-34,Brown,8-10,"Gentle,loyal,intelligent,good-natured","Hipdysplasia,cancer,heartconditions"
GreaterSwissMountainDog,60,66,M,46.927,7.443,TT,Yes,CC,GG,CC,TT,TT,GG,GG,GG,AA,TT,NA,NA,NA,NA,NA,NA,NA
GreaterSwissMountainDog,60,66,M,46.927,7.443,TT,Yes,CC,GG,CC,TT,TT,GG,GG,GG,AA,TT,NA,NA,NA,NA,NA,NA,NA
GreatPyrenees,42,71.8,M,42.822,0.633,TT,Yes,CC,GG,CC,TT,TT,GG,GG,GG,AA,TT,France,White,25-32,Brown,10-12,"Loyal,intelligent,gentle,protective","Hipdysplasia,cancer,skinallergies"
GreenlandDog,31,59.5,F,61.166,-45.225,TT,Yes,CC,GG,CC,TT,TT,GG,GG,GG,AA,TT,NA,NA,NA,NA,NA,NA,NA
Greyhound,29.5,71.8,M,51.512,-0.119,TT,Yes,CC,GG,CC,TT,TT,GG,GG,GG,AA,TT,England,"Black,White,Brindle",26-30,Brown,10-12,"Intelligent,athletic,sensitive,good-natured","Hipdysplasia,eyeproblems,heartconditions"
Greyhound,29.5,71.8,M,51.512,-0.119,TT,Yes,CC,GG,CC,TT,TT,GG,GG,GG,AA,TT,England,"White,Black,Red",26-30,Brown,10-12,"Intelligent,energetic,good-natured,loyal","Dentalproblems,eyeissues,skinallergies"
Greyhound,29.5,71.8,M,51.512,-0.119,TT,Yes,CC,GG,CC,TT,TT,GG,GG,GG,AA,TT,England,"Black,White,Brindle",26-30,Brown,10-12,"Intelligent,athletic,sensitive,good-natured","Hipdysplasia,eyeproblems,heartconditions"
Greyhound,29.5,71.8,M,51.512,-0.119,TT,Yes,CC,GG,CC,TT,TT,GG,GG,GG,AA,TT,England,"White,Black,Red",26-30,Brown,10-12,"Intelligent,energetic,good-natured,loyal","Dentalproblems,eyeissues,skinallergies"
Greyhound,29.5,71.8,F,51.512,-0.119,TT,Yes,CC,GG,CC,TT,TT,GG,GG,GG,AA,TT,England,"Black,White,Brindle",26-30,Brown,10-12,"Intelligent,athletic,sensitive,good-natured","Hipdysplasia,eyeproblems,heartconditions"
Greyhound,29.5,71.8,F,51.512,-0.119,TT,Yes,CC,GG,CC,TT,TT,GG,GG,GG,AA,TT,England,"White,Black,Red",26-30,Brown,10-12,"Intelligent,energetic,good-natured,loyal","Dentalproblems,eyeissues,skinallergies"
Greyhound,29.5,71.8,F,51.512,-0.119,TT,Yes,CC,GG,CC,TT,TT,GG,GG,GG,AA,TT,England,"Black,White,Brindle",26-30,Brown,10-12,"Intelligent,athletic,sensitive,good-natured","Hipdysplasia,eyeproblems,heartconditions"
Greyhound,29.5,71.8,F,51.512,-0.119,TT,Yes,CC,GG,CC,TT,TT,GG,GG,GG,AA,TT,England,"White,Black,Red",26-30,Brown,10-12,"Intelligent,energetic,good-natured,loyal","Dentalproblems,eyeissues,skinallergies"
Havanese,5.9,25,M,22.411029,-82.089844,CC,Yes,TT,AA,AA,CC,CC,AA,AA,AA,GG,CC,NA,NA,NA,NA,NA,NA,NA
Havanese,5.9,25,F,22.411029,-82.089844,CC,Yes,TT,AA,AA,CC,CC,AA,AA,AA,GG,CC,NA,NA,NA,NA,NA,NA,NA
Hovawart,32.5,64,F,50.555325,9.667969,TT,Yes,TC,AG,AC,CT,TT,AG,GG,GG,AA,TT,NA,NA,NA,NA,NA,NA,NA
IbizanHound,25,66,F,38.912,1.431,CT,Yes,CC,GG,CC,TT,CT,GG,GG,GG,AA,TT,NA,NA,NA,NA,NA,NA,NA
IbizanHound,25,66,M,38.912,1.431,TT,Yes,CC,GG,CC,TT,TT,GG,GG,GG,AA,TT,NA,NA,NA,NA,NA,NA,NA
IbizanHound,25,66,F,38.912,1.431,TT,Yes,CC,GG,CC,TT,TT,GG,GG,GG,AA,TT,NA,NA,NA,NA,NA,NA,NA
IcelandicSheepdog,11.5,44,F,64.111,-21.728,CT,Yes,CC,GG,CC,TT,CT,GG,GG,GG,AA,TT,NA,NA,NA,NA,NA,NA,NA
IcelandicSheepdog,11.5,44,F,64.111,-21.728,CC,Yes,TC,AG,AC,NA,CC,AG,GG,GG,AA,TT,NA,NA,NA,NA,NA,NA,NA
IrishRedandWhiteSetter,29.5,61,M,53.146,-6.345,CT,Yes,TC,AG,AC,CT,CT,AG,AG,AG,GA,CT,NA,NA,NA,NA,NA,NA,NA
IrishSetter,28,61,F,53.246,-6.345,TT,Yes,TC,AG,AC,CT,TT,AG,GG,GG,AA,TT,Ireland,Red,24-28,Brown,12-15,"Intelligent,energetic,good-natured,affectionate","Hipdysplasia,eyeproblems,cancer"
IrishSetter,28,61,F,53.246,-6.345,TT,Yes,TC,AG,AC,CT,TT,AG,GG,GG,AA,TT,Ireland,Red,26-28,Brown,12-14,"Intelligent,energetic,playful,good-natured","Dentalproblems,eyeissues,skinallergies"
IrishTerrier,11.5,45,M,53.346,-6.145,CC,Yes,CC,GG,CC,TT,CC,GG,GG,GG,AA,TT,Ireland,Red,14-16,Brown,12-14,"Intelligent,energetic,playful,good-natured","Dentalproblems,eyeissues,skinallergies"
IrishTerrier,11.5,45,F,53.346,-6.145,CC,Yes,TT,AA,AA,CC,CC,AA,AA,AA,GG,CC,Ireland,Red,14-16,Brown,12-14,"Intelligent,energetic,playful,good-natured","Dentalproblems,eyeissues,skinallergies"
IrishTerrier,11.5,45,M,53.346,-6.145,CC,Yes,TT,AA,AA,CC,CC,AA,AA,AA,GG,CC,Ireland,Red,14-16,Brown,12-14,"Intelligent,energetic,playful,good-natured","Dentalproblems,eyeissues,skinallergies"
IrishWaterSpaniel,25.3,57.1,F,53.346,-6.245,TT,Yes,TT,AA,AA,CC,TT,AA,AA,AA,GG,CC,Ireland,Brown,21-24,Brown,12-14,"Intelligent,energetic,playful,good-natured","Dentalproblems,eyeissues,skinallergies"
IrishWaterSpaniel,25.3,57.1,M,53.346,-6.245,TT,Yes,CC,GG,CC,TT,TT,GG,GG,GG,AA,TT,Ireland,Brown,21-24,Brown,12-14,"Intelligent,energetic,playful,good-natured","Dentalproblems,eyeissues,skinallergies"
IrishWaterSpaniel,25.3,57.1,F,53.346,-6.245,TT,Yes,CC,GG,CC,NA,TT,GG,GG,GG,AA,TT,Ireland,Brown,21-24,Brown,12-14,"Intelligent,energetic,playful,good-natured","Dentalproblems,eyeissues,skinallergies"
IrishWaterSpaniel,25.3,57.1,M,53.346,-6.245,TT,Yes,CC,GG,CC,TT,TT,GG,GG,GG,AA,TT,Ireland,Brown,21-24,Brown,12-14,"Intelligent,energetic,playful,good-natured","Dentalproblems,eyeissues,skinallergies"
IrishWolfhound,51,78.7,F,53.346,-6.345,TT,Yes,CC,GG,CC,TT,TT,GG,GG,GG,AA,TT,Ireland,"Grey,Red,Black",30-35,Brown,6-8,"Gentle,loyal,intelligent,good-natured","Hipdysplasia,heartconditions,cancer"
IrishWolfhound,51,78.7,F,53.346,-6.345,TT,Yes,CC,GG,CC,TT,TT,GG,GG,GG,AA,TT,Ireland,"Grey,Red",30-35,Brown,6-10,"Loyal,intelligent,good-natured,energetic","Dentalproblems,eyeissues,skinallergies"
ItalianGreyhound,3.6,35.6,M,41.896,12.498,CC,Yes,TC,AG,AC,CT,CC,AG,AG,GG,NA,CT,Italy,"Red,Black",13-15,Brown,12-15,"Intelligent,energetic,playful,good-natured","Dentalproblems,eyeissues,skinallergies"
ItalianGreyhound,3.6,35.6,F,41.896,12.498,CC,Yes,TT,AA,AA,CC,CC,AA,AG,AG,GA,CT,Italy,"Red,Black",13-15,Brown,12-15,"Intelligent,energetic,playful,good-natured","Dentalproblems,eyeissues,skinallergies"
JackRussellTerrier,7.3,31.5,M,51.751,-1.25,CC,Yes,TT,AA,AA,CC,CC,AA,AG,AG,GA,CT,England,"White,Black&Tan",10-12,Brown,12-15,"Intelligent,energetic,playful,good-natured","Dentalproblems,eyeissues,skinallergies"
JackRussellTerrier,7.3,31.5,M,51.751,-1.25,CC,Yes,TT,AA,AA,CC,CC,AA,AA,AA,GG,CC,England,"White,Black&Tan",10-12,Brown,12-15,"Intelligent,energetic,playful,good-natured","Dentalproblems,eyeissues,skinallergies"
JackRussellTerrier,7.3,31.5,F,51.751,-1.25,CC,Yes,TT,AA,AA,CC,CC,AA,AA,AA,GG,CC,England,"White,Black&Tan",10-12,Brown,12-15,"Intelligent,energetic,playful,good-natured","Dentalproblems,eyeissues,skinallergies"
JackRussellTerrier,7.3,31.5,F,51.751,-1.25,CC,Yes,TT,AA,AA,CC,CC,AA,AA,AA,GG,CC,England,"White,Black&Tan",10-12,Brown,12-15,"Intelligent,energetic,playful,good-natured","Dentalproblems,eyeissues,skinallergies"
Jamthund,27.5,58.5,M,59.299552,17.050781,CT,Yes,TT,AA,AA,CC,CT,AA,AA,AA,GG,CC,NA,NA,NA,NA,NA,NA,NA
JapaneseChin,4.1,23.5,M,35.888,139.487,CT,Yes,TC,AG,AC,CT,CT,AG,AG,AG,GA,CT,Japan,"Black,Red",7-11,Brown,12-15,"Intelligent,energetic,playful,good-natured","Dentalproblems,eyeissues,skinallergies"
JapaneseChin,4.1,23.5,F,35.888,139.487,CC,Yes,TC,AG,AC,CT,CC,AG,AG,AG,GA,CT,Japan,"Black,Red",7-11,Brown,12-15,"Intelligent,energetic,playful,good-natured","Dentalproblems,eyeissues,skinallergies"
Jindo,19,50,M,34.457597,126.26,TT,Yes,TT,AA,AA,CC,TT,AA,AA,AA,GG,CC,NA,NA,NA,NA,NA,NA,NA
Keeshond,20,44,F,52.067,4.304,CT,Yes,CC,GG,CC,TT,CT,GG,GG,GG,GA,CT,Netherlands,"Black,Cream",17-19,Brown,12-15,"Intelligent,energetic,playful,good-natured","Dentalproblems,eyeissues,skinallergies"
KerryBlueTerrier,16.5,47.5,F,52.255,-9.696,CT,Yes,TT,AA,AA,CC,CT,AA,AA,AA,GG,CC,Ireland,Blue,17-19,Brown,12-14,"Intelligent,energetic,playful,good-natured","Dentalproblems,eyeissues,skinallergies"
Kromfohrlander,12.5,42,M,50.883849,8.020959,CC,Yes,CC,GG,CC,TT,CC,GG,GG,GG,AA,TT,NA,NA,NA,NA,NA,NA,NA
LabradorRetriever,30.6,58.4,M,50.816348,-2.15332,TT,Yes,TC,AG,AC,CT,TT,AG,AG,AG,GA,CT,Canada,"Yellow,Black,Chocolate",21-24,Brown,10-12,"Loyal,friendly,intelligent,energetic,good-natured","Hipdysplasia,obesity,earinfections"
LabradorRetriever,30.6,58.4,F,50.816348,-2.15332,CT,Yes,TC,AG,AC,CT,CT,AG,GG,GG,AA,TT,Canada,"Yellow,Black,Chocolate",21-24,Brown,10-12,"Loyal,friendly,intelligent,energetic,good-natured","Hipdysplasia,obesity,earinfections"
LabradorRetriever,30.6,58.4,M,50.816348,-2.15332,CT,Yes,CC,GG,CC,TT,CT,GG,GG,GG,AA,TT,Canada,"Yellow,Black,Chocolate",21-24,Brown,10-12,"Loyal,friendly,intelligent,energetic,good-natured","Hipdysplasia,obesity,earinfections"
LabradorRetriever,30.6,58.4,F,50.816348,-2.15332,CT,Yes,TC,AG,AC,CT,CT,AG,AG,AG,GA,CT,Canada,"Yellow,Black,Chocolate",21-24,Brown,10-12,"Loyal,friendly,intelligent,energetic,good-natured","Hipdysplasia,obesity,earinfections"
LagottoRomagnolo,13.5,44.5,M,44.419,12.198,CC,Yes,TC,GG,NA,TT,CC,AG,AG,AG,GA,CT,NA,NA,NA,NA,NA,NA,NA
LagottoRomagnolo,13.5,44.5,F,44.419,12.198,CC,Yes,TT,AA,AA,CC,CC,AA,AA,AA,GG,CC,NA,NA,NA,NA,NA,NA,NA
LagottoRomagnolo,13.5,44.5,F,44.419,12.198,TT,Yes,TC,AG,AC,CT,TT,AG,AG,AG,GA,CT,NA,NA,NA,NA,NA,NA,NA
LagottoRomagnolo,13.5,44.5,M,44.419,12.198,CT,Yes,TT,AA,AA,CC,CT,AA,AG,AA,GA,CT,NA,NA,NA,NA,NA,NA,NA
Landseer,56.5,73.5,M,NA,NA,TT,Yes,TC,AG,AC,CT,TT,AG,AA,AG,GA,CT,NA,NA,NA,NA,NA,NA,NA
LapponianHerder,7.1,28,M,68.122482,29.003906,CC,Yes,CC,GG,NA,NA,CC,GG,GG,GG,AA,TT,NA,NA,NA,NA,NA,NA,NA
Leonberger,59,72.5,F,48.796045,9.009571,TT,Yes,CC,GG,CC,TT,TT,GG,GG,GG,AA,TT,NA,NA,NA,NA,NA,NA,NA
Leonberger,59,72.5,F,48.796045,9.009571,TT,Yes,CC,GG,CC,TT,TT,GG,GG,GG,AA,TT,NA,NA,NA,NA,NA,NA,NA
LhassaApso,6,26.5,M,29.662,91.297,CC,Yes,CC,GG,CC,TT,CC,GG,GG,GG,AA,TT,NA,NA,NA,NA,NA,NA,NA
LhassaApso,6,26.5,M,29.662,91.297,CT,Yes,TT,AA,AA,CC,CT,AA,AA,AA,GG,CC,NA,NA,NA,NA,NA,NA,NA
LhassaApso,6,26.5,F,29.662,91.297,CT,Yes,TC,AG,AC,CT,CT,AG,AG,AG,GA,CT,NA,NA,NA,NA,NA,NA,NA
Lowchen,6,33,M,48.856614,2.452222,CC,Yes,TC,AG,AC,CT,CC,AG,AG,AG,GA,CT,NA,NA,NA,NA,NA,NA,NA
Maltese,3.5,22.5,F,35.91,14.427,CC,Yes,TT,AA,AA,CC,CC,AA,AA,AA,GG,CC,Malta,White,8-10,Brown,12-15,"Intelligent,energetic,playful,good-natured","Dentalproblems,eyeissues,skinallergies"
Maltese,3.5,22.5,F,35.91,14.427,CC,Yes,TT,AA,AA,CC,CC,AA,AA,AA,GG,CC,Malta,White,8-10,Brown,12-15,"Intelligent,energetic,playful,good-natured","Dentalproblems,eyeissues,skinallergies"
Maltese,3.5,22.5,M,35.91,14.427,CC,Yes,TT,AA,AA,CC,CC,AA,AA,AA,GG,CC,Malta,White,8-10,Brown,12-15,"Intelligent,energetic,playful,good-natured","Dentalproblems,eyeissues,skinallergies"
Maltese,3.5,22.5,M,35.91,14.427,CC,Yes,TT,AA,AA,CC,CC,AA,AA,AA,GG,CC,Malta,White,8-10,Brown,12-15,"Intelligent,energetic,playful,good-natured","Dentalproblems,eyeissues,skinallergies"
MastinoAbruzzese,37.5,67,F,42.256984,14.172363,TT,Yes,TT,AA,AA,CC,TT,AA,AA,AA,GG,CC,NA,NA,NA,NA,NA,NA,NA
MiniaturePoodle,6.5,30.5,M,NA,NA,CC,Yes,CC,GG,CC,TT,CC,GG,GG,GG,AA,TT,France,"White,Black,Brown,Apricot",10-15,"Brown,Blue",12-15,"Intelligent,active,affectionate,hypoallergenic","Hipdysplasia,epilepsy,bladderstones"
MiniaturePoodle,6.5,30.5,F,NA,NA,CC,Yes,CC,GG,CC,TT,CC,GG,GG,GG,AA,TT,France,"White,Black,Brown,Apricot",10-15,"Brown,Blue",12-15,"Intelligent,active,affectionate,hypoallergenic","Hipdysplasia,epilepsy,bladderstones"
MiniaturePoodle,6.5,30.5,M,NA,NA,CC,Yes,TT,AA,AA,CC,CC,AA,AA,AA,GG,CC,France,"White,Black,Brown,Apricot",10-15,"Brown,Blue",12-15,"Intelligent,active,affectionate,hypoallergenic","Hipdysplasia,epilepsy,bladderstones"
MiniatureSchnauzer,7.5,33,M,48.133,11.643,CC,Yes,TT,AA,AA,CC,CC,AA,AA,AA,GG,CC,Germany,"Black,Salt&Pepper,White",12-14,Brown,12-15,"Intelligent,energetic,playful,good-natured","Dentalproblems,pancreatitis,diabetes"
MiniatureSchnauzer,7.5,33,F,48.133,11.643,CC,Yes,TT,AA,AA,CC,CC,AA,AA,AA,GG,CC,Germany,"Black,Salt&Pepper,White",12-14,Brown,12-15,"Intelligent,energetic,playful,good-natured","Dentalproblems,pancreatitis,diabetes"
Newfoundland,57.5,68.5,M,48.716337,-56.184082,TT,Yes,CC,GG,CC,TT,TT,GG,GG,GG,AA,TT,Canada,"Black,Brown,Grey",26-28,Brown,9-11,"Loyal,intelligent,gentle,good-natured","Hipdysplasia,heartconditions,cancer"
Newfoundland,57.5,68.5,F,48.716337,-56.184082,TT,Yes,CC,GG,NA,TT,TT,GG,GG,GG,AA,TT,Canada,"Black,Brown,Grey",26-28,Brown,9-11,"Loyal,intelligent,gentle,good-natured","Hipdysplasia,heartconditions,cancer"
NorfolkTerrier,5.2,24,F,52.467,-1.917,TT,Yes,CC,GG,CC,TT,TT,GG,GG,GG,AA,TT,NA,NA,NA,NA,NA,NA,NA
NorfolkTerrier,5.2,24,M,52.467,-1.917,TT,Yes,CC,GG,CC,TT,TT,GG,GG,GG,AA,TT,NA,NA,NA,NA,NA,NA,NA
NorwegianBuhund,15,44,M,61.951,11.096,CT,Yes,CC,GG,CC,TT,CT,GG,GG,GG,AA,TT,NA,NA,NA,NA,NA,NA,NA
NorwegianElkhound,23.5,50.5,F,59.951,11.096,CT,Yes,TC,AG,AC,CT,CT,AG,AG,AG,GA,CT,NA,NA,NA,NA,NA,NA,NA
NorwegianElkhound,23.5,50.5,F,59.951,11.096,TT,Yes,CC,GG,CC,TT,TT,GG,GG,GG,AA,TT,NA,NA,NA,NA,NA,NA,NA
NorwegianElkhound,23.5,50.5,M,59.951,11.096,TT,Yes,CC,GG,CC,TT,TT,GG,GG,GG,AA,TT,NA,NA,NA,NA,NA,NA,NA
NorwegianElkhound,23.5,50.5,M,59.951,11.096,CT,Yes,CC,GG,CC,TT,CT,GG,GG,GG,AA,TT,NA,NA,NA,NA,NA,NA,NA
NorwegianLundehund,7.5,34,M,60.951,11.096,CC,Yes,TC,AG,AC,CT,CC,AG,AG,AG,GA,CT,NA,NA,NA,NA,NA,NA,NA
NorwegianLundehund,7.5,34,F,60.951,11.096,CC,Yes,TT,AA,AA,CC,CC,AA,AA,AA,GG,CC,NA,NA,NA,NA,NA,NA,NA
NorwegianLundehund,7.5,34,M,60.951,11.096,CC,Yes,TT,AA,AA,CC,CC,AA,AA,AA,GG,CC,NA,NA,NA,NA,NA,NA,NA
NorwegianLundehund,7.5,34,F,60.951,11.096,CC,Yes,TT,AA,AA,CC,CC,AA,AA,AA,GG,CC,NA,NA,NA,NA,NA,NA,NA
NorwichTerrier,5.2,25,F,52.467,-1.917,TT,Yes,TC,AG,AC,CT,TT,AG,AG,AG,GA,CT,NA,NA,NA,NA,NA,NA,NA
NorwichTerrier,5.2,25,F,52.467,-1.917,CT,Yes,CC,GG,CC,TT,CT,GG,GG,GG,AA,TT,NA,NA,NA,NA,NA,NA,NA
NorwichTerrier,5.2,25,M,52.467,-1.917,CT,Yes,TT,AA,AA,CC,CT,AA,AA,AA,GG,CC,NA,NA,NA,NA,NA,NA,NA
NovaScotiaDuckTollingRetriever,20,48,M,44.88312,-63.69873,CC,Yes,TT,AA,AA,CC,CC,AA,AA,AA,GG,CC,NA,NA,NA,NA,NA,NA,NA
NovaScotiaDuckTollingRetriever,20,48,F,44.88312,-63.69873,CC,Yes,TT,AA,AA,CC,CC,AA,AA,AA,GG,CC,NA,NA,NA,NA,NA,NA,NA
OldEnglishSheepdog,36,56,F,51.751,-1.25,TT,Yes,TT,AA,AA,CC,TT,AA,AA,AA,GG,CC,England,"Blue,Grey",22-26,Brown,10-12,"Gentle,intelligent,good-natured,protective","Hipdysplasia,eyeproblems,skinallergies"
OldEnglishSheepdog,36,56,M,51.751,-1.25,TT,Yes,CC,GG,CC,TT,TT,GG,GG,GG,AA,TT,England,"Blue,Grey",22-26,Brown,10-12,"Gentle,intelligent,good-natured,protective","Hipdysplasia,eyeproblems,skinallergies"
OldEnglishSheepdog,36,56,F,51.751,-1.25,TT,Yes,CC,GG,CC,TT,TT,GG,GG,GG,AA,TT,England,"Blue,Grey",22-26,Brown,10-12,"Gentle,intelligent,good-natured,protective","Hipdysplasia,eyeproblems,skinallergies"
Otterhound,41,63.5,F,51.751,-1.25,TT,Yes,CC,GG,CC,TT,TT,GG,GG,GG,AA,TT,NA,NA,NA,NA,NA,NA,NA
Otterhound,41,63.5,M,51.751,-1.25,CC,Yes,CC,GG,CC,TT,CC,GG,GG,GG,AA,TT,NA,NA,NA,NA,NA,NA,NA
Otterhound,41,63.5,F,51.751,-1.25,CT,Yes,TT,AA,AA,CC,CT,AA,AA,AA,GG,CC,NA,NA,NA,NA,NA,NA,NA
Papillon,3.9,24,M,44.497,11.344,CC,Yes,TC,AG,AC,CT,CC,AG,AG,AG,GA,CT,France,"White,Black,Sable,Red",8-11,Brown,14-16,"Intelligent,energetic,affectionate,good-natured","Dentalproblems,eyeproblems,bladderstones"
Papillon,3.9,24,M,44.497,11.344,CC,Yes,TT,AA,AA,CC,CC,AA,AA,AA,GG,CC,France,"White,Black,Sable,Red",8-11,Brown,14-16,"Intelligent,energetic,affectionate,good-natured","Dentalproblems,eyeproblems,bladderstones"
Pekingese,4.1,19,F,39.916,116.398,CC,Yes,TT,AA,AA,CC,CC,AA,AA,AA,GG,CC,China,"Black,White,Red",6-9,Brown,12-15,"Independent,intelligent,affectionate,good-natured","Dentalproblems,respiratoryissues,eyeproblems"
PembrokeWelshCorgi,12.5,NA,F,51.794,-4.962,CT,Yes,TC,AG,AC,CT,CT,AG,AG,AG,GA,CT,NA,NA,NA,NA,NA,NA,NA
PembrokeWelshCorgi,12.5,NA,F,51.794,-4.962,CT,Yes,TC,AG,AA,CC,CT,AG,AG,AG,GA,CT,NA,NA,NA,NA,NA,NA,NA
PembrokeWelshCorgi,12.5,NA,M,51.794,-4.962,TT,Yes,TC,AG,AC,CT,TT,AG,AG,AG,GA,CT,NA,NA,NA,NA,NA,NA,NA
PembrokeWelshCorgi,12.5,NA,M,51.794,-4.962,TT,Yes,CC,GG,CC,TT,TT,GG,GG,GG,AA,TT,NA,NA,NA,NA,NA,NA,NA
PeruvianHairless,10,45,M,-9.730714,-75.585938,CT,Yes,CC,GG,CC,TT,CT,GG,GG,GG,AA,TT,NA,NA,NA,NA,NA,NA,NA
PetitBassetGriffonVendeen,14.5,35.6,M,46.648,-1.36,CT,Yes,TC,AG,AC,CT,CT,AG,AG,AG,GA,CT,NA,NA,NA,NA,NA,NA,NA
PetitBassetGriffonVendeen,14.5,35.6,F,46.648,-1.36,CT,Yes,TC,AG,AC,CT,CT,AG,AG,AG,GA,CT,NA,NA,NA,NA,NA,NA,NA
PetitBassetGriffonVendeen,14.5,35.6,M,46.648,-1.36,TT,Yes,TC,AG,AC,CT,TT,AG,AG,AG,GA,CT,NA,NA,NA,NA,NA,NA,NA
PharaohHound,22.5,58,F,35.91,14.427,TT,Yes,TT,AA,AA,CC,TT,AA,AA,AA,GG,CC,Malta,Red,21-25,Brown,12-14,"Intelligent,energetic,good-natured,loyal","Dentalproblems,eyeissues,skinallergies"
PharaohHound,22.5,58,F,35.91,14.427,TT,Yes,CC,GG,CC,TT,TT,GG,GG,GG,AA,TT,Malta,Red,21-25,Brown,12-14,"Intelligent,energetic,good-natured,loyal","Dentalproblems,eyeissues,skinallergies"
PhuquocRidgeback,21.5,56.5,F,10.237897,104.007568,CT,Yes,CC,GG,CC,TT,CT,GG,GG,GG,AA,TT,NA,NA,NA,NA,NA,NA,NA
PhuquocRidgeback,21.5,56.5,F,10.237897,104.007568,CT,Yes,TC,AG,AC,CC,CT,AG,AG,AG,GA,CT,NA,NA,NA,NA,NA,NA,NA
PhuquocRidgeback,21.5,56.5,M,10.237897,104.007568,TT,Yes,TC,AG,AC,CT,TT,AG,AG,AG,GG,CC,NA,NA,NA,NA,NA,NA,NA
Pomeranian,2.7,20,M,53.415,14.57,CC,Yes,CC,GG,CC,TT,CC,GG,GG,GG,AA,TT,Germany,"Orange,Sable,Black",6-7,Brown,12-16,"Playful,energetic,intelligent,good-natured","Dentalproblems,eyeproblems,obesity"
Pomeranian,2.7,20,M,53.415,14.57,CC,Yes,TT,AA,AA,CC,CC,AA,AA,AA,GG,CC,Germany,"Orange,Sable,Black",6-7,Brown,12-16,"Playful,energetic,intelligent,good-natured","Dentalproblems,eyeproblems,obesity"
PortugueseWaterDog,32.8,52.1,F,38.72,-9.149,CT,Yes,TT,AA,AA,CC,CT,AA,AA,AA,GG,CC,NA,NA,NA,NA,NA,NA,NA
PortugueseWaterDog,32.8,52.1,F,38.72,-9.149,TT,Yes,TC,AG,AC,CT,TT,AG,AG,AG,GA,CT,NA,NA,NA,NA,NA,NA,NA
PortugueseWaterDog,32.8,52.1,M,38.72,-9.149,CT,Yes,CC,GG,CC,TT,CT,GG,GG,GG,AA,TT,NA,NA,NA,NA,NA,NA,NA
PortugueseWaterDog,32.8,52.1,M,38.72,-9.149,CT,Yes,TT,AA,AA,CC,CT,AA,AA,AA,GG,CC,NA,NA,NA,NA,NA,NA,NA
Pug,10,26.7,M,35.995785,108.808594,CC,Yes,TT,AA,AA,CC,CC,AA,AA,AA,GG,CC,China,"Fawn,Black",10-14,Brown,12-15,"Loyal,playful,affectionate,social,charming","Eyeproblems,respiratoryissues,obesity"
Pug,10,26.7,M,35.995785,108.808594,CC,Yes,TT,AA,AA,CC,CC,AA,AA,AA,GG,CC,China,"Black,Fawn",10-14,Brown,12-15,"Intelligent,energetic,playful,good-natured","Dentalproblems,respiratoryissues,eyeproblems"
Pug,10,26.7,F,35.995785,108.808594,CC,Yes,TT,AA,AA,CC,CC,AA,AA,AA,GG,CC,China,"Fawn,Black",10-14,Brown,12-15,"Loyal,playful,affectionate,social,charming","Eyeproblems,respiratoryissues,obesity"
Pug,10,26.7,F,35.995785,108.808594,CC,Yes,TT,AA,AA,CC,CC,AA,AA,AA,GG,CC,China,"Black,Fawn",10-14,Brown,12-15,"Intelligent,energetic,playful,good-natured","Dentalproblems,respiratoryissues,eyeproblems"
Puli,13,40.5,M,47.368594,64.6875,CC,Yes,TT,AA,AA,CC,CC,AA,AA,AA,GG,CC,NA,NA,NA,NA,NA,NA,NA
RhodesianRidgeback,35,65,F,-18.989415,29.970703,TT,Yes,CC,GG,CC,TT,TT,GG,GG,GG,AA,TT,Rhodesia,LightWheaten,25-27,Brown,10-12,"Intelligent,athletic,loyal,good-natured","Hipdysplasia,eyeproblems,cancer"
RhodesianRidgeback,35,65,M,-18.989415,29.970703,TT,Yes,CC,GG,CC,TT,TT,GG,GG,GG,AA,TT,Rhodesia,LightWheaten,25-27,Brown,10-12,"Intelligent,athletic,loyal,good-natured","Hipdysplasia,eyeproblems,cancer"
RhodesianRidgeback,35,65,M,-18.989415,29.970703,TT,Yes,CC,GG,CC,TT,TT,GG,GG,GG,AA,TT,Rhodesia,LightWheaten,25-27,Brown,10-12,"Intelligent,athletic,loyal,good-natured","Hipdysplasia,eyeproblems,cancer"
RhodesianRidgeback,35,65,F,-18.989415,29.970703,TT,Yes,CC,GG,CC,TT,TT,GG,GG,GG,AA,TT,Rhodesia,LightWheaten,25-27,Brown,10-12,"Intelligent,athletic,loyal,good-natured","Hipdysplasia,eyeproblems,cancer"
Rottweiler,48.2,62.2,M,48.1697,8.6422,CC,Yes,TT,AA,AA,CC,CC,AA,AA,AA,GG,CC,Germany,"Black,Tan",22-27,Brown,8-10,"Loyal,protective,confident,strong","Hipdysplasia,cancer,elbowdysplasia"
Rottweiler,48.2,62.2,F,48.1697,8.6422,CC,Yes,TC,AG,AA,CC,CC,AG,AG,AG,GA,CT,Germany,"Black,Tan",22-27,Brown,8-10,"Loyal,protective,confident,strong","Hipdysplasia,cancer,elbowdysplasia"
Rottweiler,48.2,62.2,F,48.1697,8.6422,CC,Yes,TT,AA,AA,CC,CC,AA,AA,AA,GG,CC,Germany,"Black,Tan",22-27,Brown,8-10,"Loyal,protective,confident,strong","Hipdysplasia,cancer,elbowdysplasia"
Rottweiler,48.2,62.2,M,48.1697,8.6422,CC,Yes,TT,AA,AA,CC,CC,AA,AA,AA,GG,CC,Germany,"Black,Tan",22-27,Brown,8-10,"Loyal,protective,confident,strong","Hipdysplasia,cancer,elbowdysplasia"
SaintBernard,70.3,67.3,F,46.015,7.755,TT,Yes,TT,AA,AA,CC,TT,AA,AA,AA,GG,CC,Switzerland,"Red,White",26-30,Brown,8-10,"Loyal,intelligent,gentle,protective","Hipdysplasia,cancer,heartconditions"
SaintBernard,70.3,67.3,M,46.015,7.755,TT,Yes,CC,GG,CC,TT,TT,GG,GG,GG,AA,TT,Switzerland,"Red,White",26-30,Brown,8-10,"Loyal,intelligent,gentle,protective","Hipdysplasia,cancer,heartconditions"
Saluki,21.5,64.8,F,31.748,38.894,TT,Yes,CC,GG,CC,TT,TT,GG,GG,GG,AA,TT,MiddleEast,"Cream,Red",23-28,Brown,12-14,"Intelligent,energetic,good-natured,loyal","Dentalproblems,eyeissues,skinallergies"
Saluki,21.5,64.8,M,31.748,38.894,TT,Yes,CC,GG,CC,TT,TT,GG,GG,GG,AA,TT,MiddleEast,"Cream,Red",23-28,Brown,12-14,"Intelligent,energetic,good-natured,loyal","Dentalproblems,eyeissues,skinallergies"
Saluki,21.5,64.8,M,31.748,38.894,TT,Yes,CC,GG,CC,TT,TT,GG,GG,GG,AA,TT,MiddleEast,"Cream,Red",23-28,Brown,12-14,"Intelligent,energetic,good-natured,loyal","Dentalproblems,eyeissues,skinallergies"
Schipperke,6,29,F,51.047,3.719,CC,Yes,CC,GG,CC,TT,CC,GG,GG,GG,AA,TT,NA,NA,NA,NA,NA,NA,NA
Schipperke,6,29,F,51.047,3.719,CC,Yes,TT,AA,AA,CC,CC,AA,AA,AA,GG,CC,NA,NA,NA,NA,NA,NA,NA
ScottishDeerhound,41.4,74.9,M,55.951,-3.186,TT,Yes,TT,AA,AA,CC,TT,AA,AA,AA,GG,CC,Scotland,"Blue,Grey",28-32,Brown,8-10,"Gentle,intelligent,good-natured,independent","Hipdysplasia,heartconditions,cancer"
ScottishDeerhound,41.4,74.9,F,55.951,-3.186,TT,Yes,CC,GG,CC,TT,TT,GG,GG,GG,AA,TT,Scotland,"Blue,Grey",28-32,Brown,8-10,"Gentle,intelligent,good-natured,independent","Hipdysplasia,heartconditions,cancer"
ScottishDeerhound,41.4,74.9,F,55.951,-3.186,TT,Yes,CC,GG,CC,TT,TT,GG,GG,GG,AA,TT,Scotland,"Blue,Grey",28-32,Brown,8-10,"Gentle,intelligent,good-natured,independent","Hipdysplasia,heartconditions,cancer"
ScottishTerrier,9.1,NA,F,56.819,-5.105,CC,Yes,CC,GG,CC,TT,CC,GG,GG,GG,AA,TT,NA,NA,NA,NA,NA,NA,NA
ScottishTerrier,9.1,NA,M,56.819,-5.105,CT,Yes,TT,AA,AA,CC,CT,AA,AA,AA,GG,CC,NA,NA,NA,NA,NA,NA,NA
ScottishTerrier,9.1,NA,M,56.819,-5.105,CC,Yes,TT,AA,AA,CC,CC,AA,AA,AA,GG,CC,NA,NA,NA,NA,NA,NA,NA
ScottishTerrier,9.1,NA,F,56.819,-5.105,CC,Yes,TT,AA,AA,CC,CC,AA,AA,AA,GG,CC,NA,NA,NA,NA,NA,NA,NA
SealyhamTerrier,12,NA,F,52.018698,-3.691406,CC,Yes,TT,AA,AA,CC,CC,AA,AA,AA,GG,CC,NA,NA,NA,NA,NA,NA,NA
SealyhamTerrier,12,NA,M,52.018698,-3.691406,CC,Yes,TT,AA,AA,CC,CC,AA,AA,AA,GG,CC,NA,NA,NA,NA,NA,NA,NA
SealyhamTerrier,12,NA,F,52.018698,-3.691406,CC,Yes,TT,AA,AA,CC,CC,AA,AA,AA,GG,CC,NA,NA,NA,NA,NA,NA,NA
SealyhamTerrier,12,NA,M,52.018698,-3.691406,CC,Yes,TT,AA,AA,CC,CC,AA,AA,AA,GG,CC,NA,NA,NA,NA,NA,NA,NA
ShetlandSheepdog,9.3,36.8,F,60.139,-1.193,CT,Yes,TT,AA,AA,CC,CT,AA,AA,AA,GG,CC,Scotland,"Sable,Black",13-16,Brown,12-14,"Intelligent,energetic,playful,good-natured","Dentalproblems,eyeissues,skinallergies"
ShetlandSheepdog,9.3,36.8,M,60.139,-1.193,CT,Yes,TC,AG,AC,CT,CT,AG,AG,AG,GA,CT,Scotland,"Sable,Black",13-16,Brown,12-14,"Intelligent,energetic,playful,good-natured","Dentalproblems,eyeissues,skinallergies"
ShetlandSheepdog,9.3,36.8,M,60.139,-1.193,TT,Yes,CC,GG,CC,TT,TT,GG,GG,GG,AA,TT,Scotland,"Sable,Black",13-16,Brown,12-14,"Intelligent,energetic,playful,good-natured","Dentalproblems,eyeissues,skinallergies"
ShetlandSheepdog,9.3,36.8,F,60.139,-1.193,CC,Yes,TC,AG,AC,CT,CC,AG,AG,AG,GA,CT,Scotland,"Sable,Black",13-16,Brown,12-14,"Intelligent,energetic,playful,good-natured","Dentalproblems,eyeissues,skinallergies"
ShibaInu,8.9,38,F,35.888,139.487,CT,Yes,CC,GG,CC,TT,CT,GG,GG,GG,AA,TT,NA,NA,NA,NA,NA,NA,NA
ShibaInu,8.9,38,M,35.888,139.487,CC,Yes,TT,AA,AA,CC,CC,AA,AA,AA,GG,CC,NA,NA,NA,NA,NA,NA,NA
ShibaInu,8.9,38,F,35.888,139.487,CT,Yes,TC,AG,AC,CT,CT,AG,AG,AG,GG,CC,NA,NA,NA,NA,NA,NA,NA
ShihTzu,5.6,24,F,39.875,116.407,CC,Yes,TT,AA,AA,CC,CC,AA,AA,AA,GG,CC,China,"Black,White,Brown",9-10,Brown,10-16,"Affectionate,playful,confident,good-natured","Dentalproblems,respiratoryissues,eyeproblems"
Shikoku,21.5,49,M,33.568861,133.637695,TT,Yes,TT,AA,AA,CC,TT,AA,AA,AA,GG,CC,NA,NA,NA,NA,NA,NA,NA
SiberianHusky,21.5,54.9,F,64.393,151.969,TT,Yes,CC,GG,CC,TT,TT,GG,GG,GG,AA,TT,Russia,"Black,White",21-24,Blue,12-15,"Independent,energetic,intelligent,playful,strong","Hipdysplasia,eyeproblems,hereditarymyopathy"
SiberianHusky,21.5,54.9,M,64.393,151.969,TT,Yes,TC,AG,AC,CT,TT,GG,GG,GG,GA,CT,Russia,"Black,White",21-24,Blue,12-15,"Independent,energetic,intelligent,playful,strong","Hipdysplasia,eyeproblems,hereditarymyopathy"
SiberianHusky,21.5,54.9,M,64.393,151.969,TT,Yes,CC,GG,NA,TT,TT,GG,GG,GG,AA,TT,Russia,"Black,White",21-24,Blue,12-15,"Independent,energetic,intelligent,playful,strong","Hipdysplasia,eyeproblems,hereditarymyopathy"
SilkyTerrier,24.5,NA,F,-34.036729,151.105957,CC,Yes,CC,GG,CC,TT,CC,GG,GG,GG,AA,TT,NA,NA,NA,NA,NA,NA,NA
SilkyTerrier,24.5,NA,M,-34.036729,151.105957,CC,Yes,TT,AA,AA,CC,CC,AA,AA,AA,GG,CC,NA,NA,NA,NA,NA,NA,NA
SilkyTerrier,24.5,NA,M,-34.036729,151.105957,CC,Yes,TT,AA,AA,CC,CC,AA,AA,AA,GG,CC,NA,NA,NA,NA,NA,NA,NA
Sloughi,23,66.5,F,9.597,41.851,TT,Yes,TT,AA,AA,CC,TT,AA,AG,AG,GA,CT,NA,NA,NA,NA,NA,NA,NA
Sloughi,23,66.5,M,9.597,41.851,TT,Yes,CC,GG,CC,TT,TT,GG,GG,GG,AA,TT,NA,NA,NA,NA,NA,NA,NA
Sloughi,23,66.5,M,9.597,41.851,TT,Yes,CC,GG,CC,TT,TT,GG,GG,GG,AA,TT,NA,NA,NA,NA,NA,NA,NA
SmallMunsterlander,22.5,53,F,51.960594,7.624254,TT,Yes,CC,GG,CC,TT,TT,GG,GG,GG,AA,TT,NA,NA,NA,NA,NA,NA,NA
SmallMunsterlander,22.5,53,M,51.960594,7.624254,TT,Yes,CC,GG,CC,TT,TT,GG,GG,GG,AA,TT,NA,NA,NA,NA,NA,NA,NA
SmoothFoxTerrier,7.5,37,F,52.708011,-1.208496,CC,Yes,CC,GG,CC,TT,CC,GG,GG,GG,AA,TT,NA,NA,NA,NA,NA,NA,NA
SmoothFoxTerrier,7.5,37,M,52.708011,-1.208496,CC,Yes,TT,AA,AA,CC,CC,AA,AA,AA,GG,CC,NA,NA,NA,NA,NA,NA,NA
SmoothFoxTerrier,7.5,37,M,52.708011,-1.208496,CC,Yes,TT,AA,AA,CC,CC,AA,AA,AA,GG,CC,NA,NA,NA,NA,NA,NA,NA
SoftCoatedWheatenTerrier,16,46,F,51.922,-8.449,CT,Yes,TT,AA,AA,CC,CT,AA,AA,AA,GG,CC,NA,NA,NA,NA,NA,NA,NA
SoftCoatedWheatenTerrier,16,46,M,51.922,-8.449,CC,Yes,TC,AG,AC,CT,CC,AG,AG,AG,GA,CT,NA,NA,NA,NA,NA,NA,NA
SoftCoatedWheatenTerrier,16,46,F,51.922,-8.449,CC,Yes,TC,AG,AC,CT,CC,GG,AG,AG,GA,TT,NA,NA,NA,NA,NA,NA,NA
SpanishGalgo,24.5,65,F,39.867588,-3.47168,TT,Yes,TT,AA,AA,CC,TT,AA,AA,AA,GG,CC,NA,NA,NA,NA,NA,NA,NA
SpanishWaterDog,18,45,M,37.151561,-4.614258,CC,Yes,CC,GG,CC,TT,CC,GG,GG,GG,AA,TT,NA,NA,NA,NA,NA,NA,NA
SpinoneItaliano,34,65,F,45.048,7.766,TT,Yes,TT,AA,AA,CC,TT,AA,AA,AA,GG,CC,NA,NA,NA,NA,NA,NA,NA
SpinoneItaliano,34,65,F,45.048,7.766,TT,Yes,CC,GG,CC,TT,TT,GG,GG,GG,AA,TT,NA,NA,NA,NA,NA,NA,NA
SpinoneItaliano,34,65,M,45.048,7.766,TT,Yes,CC,GG,CC,TT,TT,GG,GG,GG,AA,TT,NA,NA,NA,NA,NA,NA,NA
SpinoneItaliano,34,65,M,45.048,7.766,CT,Yes,CC,GG,CC,TT,CT,GG,GG,GG,AA,TT,NA,NA,NA,NA,NA,NA,NA
Stabyhoun,22.5,51.5,M,52.742943,6.196289,CC,Yes,TC,AG,AC,CT,CC,AG,AG,AG,GA,CT,NA,NA,NA,NA,NA,NA,NA
StaffordshireBullTerrier,14,37,F,51.751,-1.25,CC,Yes,TT,AA,AA,CC,CC,AA,AA,AA,GG,CC,England,"White,Black,Red",14-16,Brown,12-14,"Intelligent,energetic,playful,good-natured","Dentalproblems,eyeissues,skinallergies"
StaffordshireBullTerrier,14,37,F,51.751,-1.25,CC,Yes,TT,AA,AA,CC,CC,AA,AA,AA,GG,CC,England,"White,Black,Red",14-16,Brown,12-14,"Intelligent,energetic,playful,good-natured","Dentalproblems,eyeissues,skinallergies"
StaffordshireBullTerrier,14,37,M,51.751,-1.25,CC,Yes,TT,AA,AA,CC,CC,AA,AA,AA,GG,CC,England,"White,Black,Red",14-16,Brown,12-14,"Intelligent,energetic,playful,good-natured","Dentalproblems,eyeissues,skinallergies"
StandardPoodle,24.9,52.5,F,NA,NA,CC,Yes,TT,AA,AA,CC,CC,AA,AA,AA,GG,CC,France,"White,Black,Brown,Apricot",15-22,"Brown,Blue",12-15,"Intelligent,active,affectionate,hypoallergenic","Hipdysplasia,epilepsy,bladderstones"
StandardPoodle,24.9,52.5,M,NA,NA,CT,Yes,TC,AG,AC,CT,CT,AG,AG,AG,GA,CT,France,"White,Black,Brown,Apricot",15-22,"Brown,Blue",12-15,"Intelligent,active,affectionate,hypoallergenic","Hipdysplasia,epilepsy,bladderstones"
StandardPoodle,24.9,52.5,M,NA,NA,CT,Yes,TC,AG,AC,CT,CT,AG,AG,AG,GA,CT,France,"White,Black,Brown,Apricot",15-22,"Brown,Blue",12-15,"Intelligent,active,affectionate,hypoallergenic","Hipdysplasia,epilepsy,bladderstones"
StandardPoodle,24.9,52.5,F,NA,NA,TT,Yes,TT,AA,AA,CC,TT,AA,AA,AA,GG,CC,France,"White,Black,Brown,Apricot",15-22,"Brown,Blue",12-15,"Intelligent,active,affectionate,hypoallergenic","Hipdysplasia,epilepsy,bladderstones"
StandardSchnauzer,16.4,47,M,48.133,11.643,CC,Yes,CC,GG,CC,TT,CC,GG,GG,GG,AA,TT,Germany,"Black,Salt&Pepper",18-20,Brown,12-15,"Intelligent,energetic,playful,good-natured","Dentalproblems,pancreatitis,diabetes"
StandardSchnauzer,16.4,47,F,48.133,11.643,CC,Yes,TT,AA,AA,CC,CC,AA,AA,AA,GG,CC,Germany,"Black,Salt&Pepper",18-20,Brown,12-15,"Intelligent,energetic,playful,good-natured","Dentalproblems,pancreatitis,diabetes"
StandardSchnauzer,16.4,47,M,48.133,11.643,CT,Yes,TT,AA,AA,CC,CT,AA,GG,GG,AA,TT,Germany,"Black,Salt&Pepper",18-20,Brown,12-15,"Intelligent,energetic,playful,good-natured","Dentalproblems,pancreatitis,diabetes"
StdManchesterTerrier,7.7,38.1,F,#N/A,#N/A,CC,Yes,TT,AA,AA,CC,CC,AA,AA,AA,GG,CC,NA,NA,NA,NA,NA,NA,NA
StdManchesterTerrier,7.7,38.1,M,#N/A,#N/A,CC,Yes,TT,AA,AA,CC,CC,AA,AA,AA,GG,CC,NA,NA,NA,NA,NA,NA,NA
StdManchesterTerrier,7.7,38.1,F,#N/A,#N/A,CC,Yes,TT,AA,AA,CC,CC,AA,AA,AA,GG,CC,NA,NA,NA,NA,NA,NA,NA
SussexSpaniel,18.1,35.6,M,50.885709,-0.834961,CC,Yes,TT,AA,AA,CC,CC,AA,AA,AA,GG,CC,NA,NA,NA,NA,NA,NA,NA
SussexSpaniel,18.1,35.6,F,50.885709,-0.834961,CC,Yes,TT,AA,AA,CC,CC,AA,AA,AA,GG,CC,NA,NA,NA,NA,NA,NA,NA
SussexSpaniel,18.1,35.6,F,50.885709,-0.834961,CC,Yes,TT,AA,AA,CC,CC,AA,AA,AA,GG,CC,NA,NA,NA,NA,NA,NA,NA
SwedishLapphund,20,45.5,F,67.403266,20.566406,CT,Yes,TT,AA,AA,CC,CT,AA,AA,AA,GG,CC,NA,NA,NA,NA,NA,NA,NA
SwedishVallhund,20,45.5,M,57.604221,12.524414,CC,Yes,TC,AG,AC,CT,CC,AG,AG,AG,GA,CT,NA,NA,NA,NA,NA,NA,NA
TibetanMastiff,70.3,67.3,M,29.662,91.297,TT,Yes,TT,AA,AA,CC,TT,AA,AA,AA,GG,CC,NA,NA,NA,NA,NA,NA,NA
TibetanMastiff,70.3,67.3,M,29.662,91.297,CC,Yes,CC,GG,CC,TT,CC,GG,GG,GG,AA,TT,NA,NA,NA,NA,NA,NA,NA
TibetanMastiff,70.3,67.3,F,29.662,91.297,CT,Yes,CC,GG,NA,CC,CT,GG,AG,AG,AA,TT,NA,NA,NA,NA,NA,NA,NA
TibetanMastiff,70.3,67.3,F,29.662,91.297,TT,Yes,CC,GG,CC,TT,TT,GG,GG,GG,AA,TT,NA,NA,NA,NA,NA,NA,NA
TibetanTerrier,11,38,M,29.662,91.297,CC,Yes,TC,AG,AC,CT,CC,AG,GG,GG,AA,TT,NA,NA,NA,NA,NA,NA,NA
TibetanTerrier,11,38,F,29.662,91.297,TT,Yes,TT,AA,AA,CC,TT,AA,AG,AG,GA,CT,NA,NA,NA,NA,NA,NA,NA
TibetanTerrier,11,38,M,29.662,91.297,CC,Yes,CC,GG,CC,TT,CC,GG,GG,GG,AA,TT,NA,NA,NA,NA,NA,NA,NA
ToyFoxTerrier,5.2,25.4,M,52.708011,-1.308496,CC,Yes,TT,AA,AA,CC,CC,AA,AG,AG,GA,CT,NA,NA,NA,NA,NA,NA,NA
ToyFoxTerrier,5.2,25.4,M,52.708011,-1.308496,CC,Yes,TT,AA,AA,CC,CC,AA,AA,AA,GG,CC,NA,NA,NA,NA,NA,NA,NA
ToyFoxTerrier,5.2,25.4,F,52.708011,-1.308496,CC,Yes,TT,AA,AA,CC,CC,AA,AA,AA,GG,CC,NA,NA,NA,NA,NA,NA,NA
ToyFoxTerrier,5.2,25.4,F,52.708011,-1.308496,CC,Yes,TT,AA,AA,CC,CC,AA,AA,AA,GG,CC,NA,NA,NA,NA,NA,NA,NA
ToyPoodle,3.4,25.4,F,NA,NA,CC,Yes,TT,AA,AA,CC,CC,AA,AA,AA,GG,CC,France,"White,Black,Brown,Apricot",10-11,"Brown,Blue",12-15,"Intelligent,active,affectionate,hypoallergenic","Hipdysplasia,epilepsy,bladderstones"
ToyPoodle,3.4,25.4,F,NA,NA,CC,Yes,TT,AA,AA,CC,CC,AA,AA,AA,GG,CC,France,"White,Black,Brown,Apricot",10-11,"Brown,Blue",12-15,"Intelligent,active,affectionate,hypoallergenic","Hipdysplasia,epilepsy,bladderstones"
TreeingWalkerCoonhound,27.5,55,M,37.466139,-84.770508,TT,Yes,TT,AA,AA,CC,TT,AA,AA,AA,GG,CC,NA,NA,NA,NA,NA,NA,NA
TreeingWalkerCoonhound,27.5,55,M,37.466139,-84.770508,CC,Yes,CC,GG,CC,TT,CC,GG,GG,GG,AA,TT,NA,NA,NA,NA,NA,NA,NA
Vizsla,23.5,58.5,F,47.497,19.164,CT,Yes,CC,GG,NA,TT,CT,GG,NA,GG,GA,CT,Hungary,Red,20-24,Brown,12-14,"Intelligent,energetic,playful,good-natured","Dentalproblems,eyeissues,skinallergies"
Vizsla,23.5,58.5,M,47.497,19.164,CT,Yes,TC,AG,AC,CT,CT,AG,AG,AG,GA,CT,Hungary,Red,20-24,Brown,12-14,"Intelligent,energetic,playful,good-natured","Dentalproblems,eyeissues,skinallergies"
Vizsla,23.5,58.5,F,47.497,19.164,CC,Yes,TC,AG,AC,CT,CC,AG,AG,AG,GA,CT,Hungary,Red,20-24,Brown,12-14,"Intelligent,energetic,playful,good-natured","Dentalproblems,eyeissues,skinallergies"
Weimaraner,32.5,63,F,50.979493,11.323544,TT,Yes,TT,AA,AA,CC,TT,AA,AA,AA,GG,CC,Germany,"Silver,Grey",25-29,"Blue,Grey",10-12,"Energetic,intelligent,good-natured,loyal","Hipdysplasia,eyeproblems,cancer"
Weimaraner,32.5,63,F,50.979493,11.323544,TT,Yes,CC,GG,CC,TT,TT,GG,GG,GG,AA,TT,Germany,"Silver,Grey",25-29,"Blue,Grey",10-12,"Energetic,intelligent,good-natured,loyal","Hipdysplasia,eyeproblems,cancer"
WelshSpringerSpaniel,21.5,45.5,F,51.500194,-3.405762,CC,Yes,TC,AG,AC,CT,CC,AG,AG,AG,GA,CT,Wales,"Liver,White",20-25,Brown,12-14,"Intelligent,energetic,playful,good-natured","Dentalproblems,eyeissues,skinallergies"
WelshSpringerSpaniel,21.5,45.5,M,51.500194,-3.405762,CC,Yes,TT,AA,AA,CC,CC,AA,AG,AG,GA,CT,Wales,"Liver,White",20-25,Brown,12-14,"Intelligent,energetic,playful,good-natured","Dentalproblems,eyeissues,skinallergies"
WestHighlandWhiteTerrier,7.5,26.7,F,55.95,-3.2,TT,Yes,TC,AG,AA,CC,TT,AG,AG,AG,GA,CT,Scotland,White,11-12,Brown,12-16,"Intelligent,energetic,playful,good-natured","Dentalproblems,skinallergies,hipdysplasia"
WestHighlandWhiteTerrier,7.5,26.7,F,55.95,-3.2,TT,Yes,TC,AG,AA,CC,TT,AG,AG,AG,GA,CT,Scotland,White,10-12,Brown,12-15,"Intelligent,energetic,playful,good-natured","Dentalproblems,eyeissues,skinallergies"
WestHighlandWhiteTerrier,7.5,26.7,M,55.95,-3.2,CT,Yes,CC,GG,CC,TT,CT,GG,GG,GG,AA,TT,Scotland,White,11-12,Brown,12-16,"Intelligent,energetic,playful,good-natured","Dentalproblems,skinallergies,hipdysplasia"
WestHighlandWhiteTerrier,7.5,26.7,M,55.95,-3.2,CT,Yes,CC,GG,CC,TT,CT,GG,GG,GG,AA,TT,Scotland,White,10-12,Brown,12-15,"Intelligent,energetic,playful,good-natured","Dentalproblems,eyeissues,skinallergies"
WestHighlandWhiteTerrier,7.5,26.7,F,55.95,-3.2,CC,Yes,CC,GG,CC,TT,CC,GG,GG,GG,AA,TT,Scotland,White,11-12,Brown,12-16,"Intelligent,energetic,playful,good-natured","Dentalproblems,skinallergies,hipdysplasia"
WestHighlandWhiteTerrier,7.5,26.7,F,55.95,-3.2,CC,Yes,CC,GG,CC,TT,CC,GG,GG,GG,AA,TT,Scotland,White,10-12,Brown,12-15,"Intelligent,energetic,playful,good-natured","Dentalproblems,eyeissues,skinallergies"
WestHighlandWhiteTerrier,7.5,26.7,M,55.95,-3.2,TT,Yes,TC,GG,AC,CT,TT,GG,AG,AG,GA,CT,Scotland,White,11-12,Brown,12-16,"Intelligent,energetic,playful,good-natured","Dentalproblems,skinallergies,hipdysplasia"
WestHighlandWhiteTerrier,7.5,26.7,M,55.95,-3.2,TT,Yes,TC,GG,AC,CT,TT,GG,AG,AG,GA,CT,Scotland,White,10-12,Brown,12-15,"Intelligent,energetic,playful,good-natured","Dentalproblems,eyeissues,skinallergies"
Whippet,12.5,48.5,M,51.751,-1.25,CT,Yes,TC,AG,AC,NA,CT,AG,AG,AG,GA,CT,England,"White,Black,Red",18-22,Brown,12-15,"Intelligent,energetic,good-natured,loyal","Dentalproblems,eyeissues,skinallergies"
Whippet,12.5,48.5,F,51.751,-1.25,TT,Yes,TC,AG,AC,CT,TT,AG,AG,AG,GA,CT,England,"White,Black,Red",18-22,Brown,12-15,"Intelligent,energetic,good-natured,loyal","Dentalproblems,eyeissues,skinallergies"
Whippet,12.5,48.5,M,51.751,-1.25,TT,Yes,CC,GG,CC,TT,TT,GG,GG,GG,AA,TT,England,"White,Black,Red",18-22,Brown,12-15,"Intelligent,energetic,good-natured,loyal","Dentalproblems,eyeissues,skinallergies"
WireFoxTerrier,7.5,37,F,51.751,-1.25,CC,Yes,CC,GG,CC,TT,CC,GG,GG,GG,AA,TT,NA,NA,NA,NA,NA,NA,NA
WireFoxTerrier,7.5,37,F,51.751,-1.25,CT,Yes,TT,AA,AA,CC,CT,AA,AA,AA,GG,CC,NA,NA,NA,NA,NA,NA,NA
WirehairedPointingGriffon,25,55,M,50.5167,8.41,TT,Yes,TC,AG,AC,CT,TT,AG,AG,AG,GA,CT,Belgium,"Brown,White",21-24,Brown,12-14,"Intelligent,energetic,playful,good-natured","Dentalproblems,eyeissues,skinallergies"
WirehairedPointingGriffon,25,55,F,50.5167,8.41,TT,Yes,CC,GG,CC,TT,TT,GG,GG,GG,AA,TT,Belgium,"Brown,White",21-24,Brown,12-14,"Intelligent,energetic,playful,good-natured","Dentalproblems,eyeissues,skinallergies"
YorkshireTerrier,3.2,16.5,M,52.467,-1.917,CC,Yes,TT,AA,AA,CC,CC,AA,AG,AG,GA,CT,England,Blue&Tan,7-8,Brown,12-15,"Intelligent,energetic,playful,good-natured","Dentalproblems,eyeissues,skinallergies"
YorkshireTerrier,3.2,16.5,F,52.467,-1.917,CC,Yes,TT,AA,AA,CC,CC,AA,AA,AA,GG,CC,England,Blue&Tan,7-8,Brown,12-15,"Intelligent,energetic,playful,good-natured","Dentalproblems,eyeissues,skinallergies"
YorkshireTerrier,3.2,16.5,F,52.467,-1.917,CC,Yes,TT,AA,AA,CC,CC,AA,AG,AG,GA,CT,England,Blue&Tan,7-8,Brown,12-15,"Intelligent,energetic,playful,good-natured","Dentalproblems,eyeissues,skinallergies"
YorkshireTerrier,3.2,16.5,M,52.467,-1.917,CC,Yes,TT,AA,AA,CC,CC,AA,AA,AA,GG,CC,England,Blue&Tan,7-8,Brown,12-15,"Intelligent,energetic,playful,good-natured","Dentalproblems,eyeissues,skinallergies"
GermanShepherd,NA,NA,NA,NA,NA,NA,NA,NA,NA,NA,NA,NA,NA,NA,NA,NA,NA,Germany,"Black,Tan",22-26,Brown,7-10,"Loyal,intelligent,protective,confident,trainable","Hipdysplasia,elbowdysplasia,pancreatitis"
Bulldog,NA,NA,NA,NA,NA,NA,NA,NA,NA,NA,NA,NA,NA,NA,NA,NA,NA,England,"White,Red",12-16,Brown,8-10,"Loyal,calm,gentle,brave","Skinallergies,respiratoryissues,obesity"
Poodle,NA,NA,NA,NA,NA,NA,NA,NA,NA,NA,NA,NA,NA,NA,NA,NA,NA,France,"White,Black,Brown,Apricot",10-15,"Brown,Blue",12-15,"Intelligent,active,affectionate,hypoallergenic","Hipdysplasia,epilepsy,bladderstones"
Dachshund,NA,NA,NA,NA,NA,NA,NA,NA,NA,NA,NA,NA,NA,NA,NA,NA,NA,Germany,"Black,Tan",5-9,"Brown,Blue",12-15,"Loyal,energetic,playful,curious","Intervertebraldiscdisease,hipdysplasia,diabetes"
CockerSpaniel,NA,NA,NA,NA,NA,NA,NA,NA,NA,NA,NA,NA,NA,NA,NA,NA,NA,England,"Black,Brown",14-15,Brown,12-15,"Affectionate,intelligent,energetic,good-natured","Earinfections,hipdysplasia,eyeproblems"
Mastiff,NA,NA,NA,NA,NA,NA,NA,NA,NA,NA,NA,NA,NA,NA,NA,NA,NA,England,"Apricot,Fawn",30-34,Brown,8-10,"Loyal,gentle,protective,good-natured","Hipdysplasia,heartconditions,cancer"
SharPei,NA,NA,NA,NA,NA,NA,NA,NA,NA,NA,NA,NA,NA,NA,NA,NA,NA,China,"Cream,Fawn",18-20,Brown,8-12,"Independent,loyal,intelligent,good-natured","Skinallergies,eyeproblems,hipdysplasia"
DobermanPinscher,NA,NA,NA,NA,NA,NA,NA,NA,NA,NA,NA,NA,NA,NA,NA,NA,NA,Germany,"Black,Red",24-28,Brown,10-12,"Loyal,energetic,intelligent,protective","Hipdysplasia,heartconditions,cancer"
Pointer,NA,NA,NA,NA,NA,NA,NA,NA,NA,NA,NA,NA,NA,NA,NA,NA,NA,England,"Black,White,Liver",21-27,Brown,12-15,"Intelligent,energetic,good-natured,affectionate","Hipdysplasia,eyeproblems,cancer"
CotondeTulear,NA,NA,NA,NA,NA,NA,NA,NA,NA,NA,NA,NA,NA,NA,NA,NA,NA,Madagascar,White,9-11,Brown,12-14,"Intelligent,energetic,playful,good-natured","Dentalproblems,skinallergies,hipdysplasia"
EnglishToySpaniel,NA,NA,NA,NA,NA,NA,NA,NA,NA,NA,NA,NA,NA,NA,NA,NA,NA,England,"White,Blenheim",10-12,Brown,12-14,"Intelligent,energetic,playful,good-natured","Dentalproblems,skinallergies,hipdysplasia"
AustralianStumpyTailCattleDog,NA,NA,NA,NA,NA,NA,NA,NA,NA,NA,NA,NA,NA,NA,NA,NA,NA,Australia,"Red,Black",17-20,Brown,12-14,"Intelligent,energetic,good-natured,loyal","Dentalproblems,eyeissues,skinallergies"
AustralianKelpie,NA,NA,NA,NA,NA,NA,NA,NA,NA,NA,NA,NA,NA,NA,NA,NA,NA,Australia,"Red,Black",17-20,Brown,12-14,"Intelligent,energetic,good-natured,loyal","Dentalproblems,eyeissues,skinallergies"
AmericanBulldog,NA,NA,NA,NA,NA,NA,NA,NA,NA,NA,NA,NA,NA,NA,NA,NA,NA,UnitedStates,"White,Red",20-28,Brown,10-12,"Loyal,intelligent,good-natured,energetic","Dentalproblems,eyeissues,skinallergies"
EnglishSpringerSpaniel,NA,NA,NA,NA,NA,NA,NA,NA,NA,NA,NA,NA,NA,NA,NA,NA,NA,England,"Black,White,Liver",20-24,Brown,12-14,"Intelligent,energetic,playful,good-natured","Dentalproblems,eyeissues,skinallergies"
Flat-CoatedRetriever,NA,NA,NA,NA,NA,NA,NA,NA,NA,NA,NA,NA,NA,NA,NA,NA,NA,England,"Black,Liver",22-25,Brown,12-14,"Intelligent,energetic,playful,good-natured","Dentalproblems,eyeissues,skinallergies"
Harrier,NA,NA,NA,NA,NA,NA,NA,NA,NA,NA,NA,NA,NA,NA,NA,NA,NA,England,"Red,Black&Tan",18-21,Brown,12-14,"Intelligent,energetic,playful,good-natured","Dentalproblems,eyeissues,skinallergies"
Kuvasz,NA,NA,NA,NA,NA,NA,NA,NA,NA,NA,NA,NA,NA,NA,NA,NA,NA,Hungary,White,25-29,Brown,10-12,"Loyal,intelligent,good-natured,energetic","Dentalproblems,eyeissues,skinallergies"
LhasaApso,NA,NA,NA,NA,NA,NA,NA,NA,NA,NA,NA,NA,NA,NA,NA,NA,NA,Tibet,"Black,White",10-11,Brown,12-15,"Intelligent,energetic,playful,good-natured","Dentalproblems,eyeissues,skinallergies"
MiniaturePinscher,NA,NA,NA,NA,NA,NA,NA,NA,NA,NA,NA,NA,NA,NA,NA,NA,NA,Germany,"Red,StagRed",10-12,Brown,12-14,"Intelligent,energetic,playful,good-natured","Dentalproblems,eyeissues,skinallergies"
Samoyed,NA,NA,NA,NA,NA,NA,NA,NA,NA,NA,NA,NA,NA,NA,NA,NA,NA,Russia,White,21-23,Brown,12-14,"Intelligent,energetic,playful,good-natured","Dentalproblems,eyeissues,skinallergies"
AnatolianShepherd,NA,NA,NA,NA,NA,NA,NA,NA,NA,NA,NA,NA,NA,NA,NA,NA,NA,Turkey,Fawn,27-29,Brown,12-14,"Loyal,intelligent,good-natured,energetic","Dentalproblems,eyeissues,skinallergies"
WelshCorgi,NA,NA,NA,NA,NA,NA,NA,NA,NA,NA,NA,NA,NA,NA,NA,NA,NA,Wales,"Red,Sable",10-12,Brown,12-15,"Intelligent,energetic,playful,good-natured","Dentalproblems,eyeissues,skinallergies"
WelshTerrier,NA,NA,NA,NA,NA,NA,NA,NA,NA,NA,NA,NA,NA,NA,NA,NA,NA,Wales,"Black,Tan",10-12,Brown,12-15,"Intelligent,energetic,playful,good-natured","Dentalproblems,eyeissues,skinallergies"
Xoloitzcuintli,NA,NA,NA,NA,NA,NA,NA,NA,NA,NA,NA,NA,NA,NA,NA,NA,NA,Mexico,"Black,Red",10-14,Brown,12-15,"Intelligent,energetic,playful,good-natured","Dentalproblems,eyeissues,skinallergies"
Akita,NA,NA,NA,NA,NA,NA,NA,NA,NA,NA,NA,NA,NA,NA,NA,NA,NA,Japan,"Red,Fawn,Sesame",24-28,Brown,10-12,"Loyal,intelligent,good-natured,energetic","Dentalproblems,eyeissues,skinallergies"
Africanis,NA,NA,NA,NA,NA,NA,NA,NA,NA,NA,NA,NA,NA,NA,NA,NA,NA,Africa,"Brown,Red",22-25,Brown,12-15,"Intelligent,energetic,good-natured,loyal","Dentalproblems,eyeissues,skinallergies"
CatahoulaLeopardDog,NA,NA,NA,NA,NA,NA,NA,NA,NA,NA,NA,NA,NA,NA,NA,NA,NA,UnitedStates,"Merle,Black",20-26,Brown,12-14,"Intelligent,energetic,good-natured,loyal","Dentalproblems,eyeissues,skinallergies"
CockerSpaniel,NA,NA,NA,NA,NA,NA,NA,NA,NA,NA,NA,NA,NA,NA,NA,NA,NA,England,"Black,Brown",14-15,Brown,12-15,"Intelligent,energetic,playful,good-natured","Dentalproblems,eyeissues,skinallergies"
MiniatureShibaInu,NA,NA,NA,NA,NA,NA,NA,NA,NA,NA,NA,NA,NA,NA,NA,NA,NA,Japan,"Red,Sesame",13-16,Brown,12-15,"Intelligent,energetic,playful,good-natured","Dentalproblems,eyeissues,skinallergies"
